Class,baseline_old_IoU,baseline_old_Acc,baseline_new_IoU,baseline_new_Acc,full50k_IoU,full50k_Acc,cand_progress_top01_old_IoU,cand_progress_top01_old_Acc,cand_progress_top02_old_IoU,cand_progress_top02_old_Acc,cand_progress_top03_old_IoU,cand_progress_top03_old_Acc,cand_progress_top04_old_IoU,cand_progress_top04_old_Acc,cand_progress_top05_old_IoU,cand_progress_top05_old_Acc,cand_progress_top06_old_IoU,cand_progress_top06_old_Acc,cand_progress_top07_old_IoU,cand_progress_top07_old_Acc,cand_progress_top08_old_IoU,cand_progress_top08_old_Acc,cand_progress_top09_old_IoU,cand_progress_top09_old_Acc,cand_progress_top10_old_IoU,cand_progress_top10_old_Acc,cand_progress_top01_new_IoU,cand_progress_top01_new_Acc,cand_progress_top02_new_IoU,cand_progress_top02_new_Acc,cand_progress_top03_new_IoU,cand_progress_top03_new_Acc,cand_progress_top04_new_IoU,cand_progress_top04_new_Acc,cand_progress_top05_new_IoU,cand_progress_top05_new_Acc,cand_progress_top06_new_IoU,cand_progress_top06_new_Acc,cand_progress_top07_new_IoU,cand_progress_top07_new_Acc,cand_progress_top08_new_IoU,cand_progress_top08_new_Acc,cand_progress_top09_new_IoU,cand_progress_top09_new_Acc,cand_progress_top10_new_IoU,cand_progress_top10_new_Acc
airplane,65.65,97.04,65.65,97.04,42.09000015258789,87.7300033569336,64.73,97.19,66.33,96.96,66.45,96.59,66.62,96.75,65.66,96.83,65.89,96.78,66.48,96.65,65.8,96.69,66.13,96.89,66.73,96.62,66.05,96.61,65.06,97.02,67.05,96.53,65.42,96.81,66.87,96.6,66.89,96.57,67.01,96.37,66.46,96.99,66.77,96.42,66.43,96.71
apple,0.0,0.0,0.0,0.0,12.890000343322756,14.409999847412108,0.0,0.0,0.0,0.0,0.0,0.0,0.0,0.0,0.0,0.0,0.0,0.0,0.0,0.0,0.0,0.0,0.0,0.0,0.0,0.0,0.0,0.0,0.0,0.0,0.0,0.0,0.0,0.0,0.0,0.0,0.0,0.0,0.0,0.0,0.0,0.0,0.0,0.0,0.0,0.0
backpack,1.6,10.93,1.6,10.93,8.039999961853027,59.209999084472656,1.77,12.42,1.71,12.23,1.97,14.16,1.88,13.21,1.67,11.86,1.59,11.11,1.7,11.85,2.02,14.44,1.57,10.75,1.68,11.52,1.87,12.87,1.73,12.36,1.5,10.26,1.83,12.83,1.44,10.02,1.51,10.5,1.78,12.49,1.78,12.53,2.2,15.64,1.44,10.08
banana,16.37,16.71,16.37,16.71,44.189998626708984,57.400001525878906,16.8,17.24,18.64,19.06,18.93,19.44,18.27,18.65,17.87,18.29,17.56,17.97,17.32,17.74,17.56,17.99,17.16,17.57,17.22,17.63,17.88,18.29,19.75,20.2,17.71,18.11,16.24,16.58,19.15,19.58,19.91,20.36,19.26,19.71,18.6,19.02,16.9,17.29,17.49,17.9
banner,2.17,85.35,2.17,85.35,2.190000057220459,76.88999938964844,2.21,87.09,2.17,86.04,2.17,85.59,2.17,86.54,2.17,86.21,2.15,85.59,2.15,85.72,2.18,85.89,2.16,85.8,2.19,85.94,2.17,86.25,2.19,86.02,2.16,86.04,2.17,85.79,2.17,85.91,2.17,85.88,2.18,85.5,2.17,85.73,2.17,85.94,2.18,85.53
baseball bat,0.0,0.0,0.0,0.0,5.079999923706055,14.970000267028807,0.0,0.0,0.0,0.0,0.0,0.0,0.0,0.0,0.0,0.0,0.0,0.0,0.0,0.0,0.0,0.0,0.0,0.0,0.0,0.0,0.0,0.0,0.0,0.0,0.0,0.0,0.0,0.0,0.0,0.0,0.0,0.0,0.0,0.0,0.0,0.0,0.0,0.0,0.0,0.0
baseball glove,0.0,0.0,0.0,0.0,19.049999237060547,50.59999847412109,0.0,0.0,0.0,0.0,0.0,0.0,0.0,0.0,0.0,0.0,0.0,0.0,0.0,0.0,0.0,0.0,0.0,0.0,0.0,0.0,0.0,0.0,0.0,0.0,0.0,0.0,0.0,0.0,0.0,0.0,0.0,0.0,0.0,0.0,0.0,0.0,0.0,0.0,0.0,0.0
bear,84.14,94.44,84.14,94.44,78.13999938964844,89.94000244140625,84.27,93.89,84.1,93.92,83.98,93.37,84.19,93.72,84.14,93.55,84.21,93.8,84.03,93.29,83.9,93.38,84.03,93.25,84.15,93.99,84.18,93.97,84.21,93.88,84.13,93.86,84.12,94.04,84.04,93.64,84.02,93.69,84.03,93.67,84.22,94.4,84.1,94.17,84.2,94.04
bed,36.68,46.9,36.68,46.9,48.75,60.38000106811523,36.83,46.6,36.89,46.33,36.62,46.56,36.9,46.62,37.0,46.33,36.84,46.13,36.91,45.87,36.51,45.43,37.21,46.63,36.78,46.44,36.13,45.74,36.61,46.58,36.0,45.56,36.53,46.25,36.4,45.98,36.37,45.97,36.61,46.57,36.71,46.55,36.73,46.57,36.98,46.83
bench,23.1,34.36,23.1,34.36,35.869998931884766,46.2400016784668,23.56,34.69,22.4,32.68,22.64,33.43,22.04,32.33,22.11,32.79,22.36,33.01,21.86,32.64,22.71,33.06,22.47,33.51,22.93,33.54,22.46,33.29,23.44,34.12,23.17,34.17,22.88,33.46,23.3,33.8,22.98,33.09,22.46,32.43,22.96,33.39,22.72,33.29,22.49,32.85
bicycle,44.28,83.39,44.28,83.39,54.88999938964844,83.58000183105469,44.05,83.26,44.07,82.87,43.94,83.3,44.25,83.43,44.29,83.13,44.05,83.13,44.39,83.01,44.03,83.51,44.52,83.28,44.24,82.93,44.12,83.13,44.08,83.16,44.27,82.81,44.28,83.15,44.29,83.8,44.39,83.57,44.21,83.15,44.41,83.2,44.56,83.78,43.94,83.51
bird,46.63,81.04,46.63,81.04,57.040000915527344,88.44000244140625,46.46,80.28,45.85,79.81,47.5,79.2,46.52,80.32,45.87,79.82,46.38,79.77,46.39,79.37,44.51,79.4,47.0,79.18,47.48,79.89,46.19,80.6,46.18,79.59,46.86,79.86,46.15,79.21,46.21,79.42,46.05,79.74,46.56,79.81,46.87,79.63,46.56,80.33,46.26,79.58
blanket,7.13,16.48,7.13,16.48,6.300000190734862,19.989999771118164,5.36,12.66,6.62,15.8,6.46,14.87,6.39,14.65,5.44,12.73,5.82,13.46,6.01,14.46,7.0,15.78,6.21,14.48,5.68,12.9,6.18,14.97,6.47,15.16,5.75,13.93,6.24,14.64,6.51,15.7,6.18,14.94,5.93,14.41,5.9,14.51,6.48,15.3,6.08,13.93
boat,52.59,81.02,52.59,81.02,32.54999923706055,79.05999755859375,52.01,79.98,52.2,80.31,51.9,79.6,52.31,79.89,52.6,80.6,52.3,80.34,51.98,80.22,52.45,80.06,52.16,80.2,52.33,79.77,52.21,79.86,52.53,80.26,52.43,79.99,52.74,80.39,52.2,79.96,52.22,80.01,52.24,79.97,52.38,80.2,52.26,79.64,52.71,80.79
book,37.26,42.67,37.26,42.67,25.719999313354492,31.0,36.95,42.38,36.78,42.32,36.8,42.2,35.58,40.77,38.06,43.81,37.24,42.79,36.93,42.39,36.78,41.96,36.79,41.99,37.25,42.59,37.62,42.78,37.15,43.04,37.9,43.01,37.08,42.37,37.7,43.17,37.54,43.08,37.5,43.0,36.81,42.45,37.13,42.49,37.73,43.05
bottle,36.42,52.58,36.42,52.58,23.799999237060547,52.66999816894531,35.9,51.96,35.94,51.93,35.78,51.85,36.26,52.59,36.3,51.96,36.33,52.33,36.35,52.13,35.38,51.88,36.54,52.31,36.36,51.94,36.68,51.97,35.5,52.33,36.5,51.78,36.5,51.93,36.07,51.81,36.19,51.87,36.58,52.21,36.54,52.25,36.49,51.91,36.3,51.97
bowl,7.84,14.69,7.84,14.69,14.27000045776367,18.719999313354492,7.8,14.48,8.36,15.58,7.94,14.72,8.36,15.51,8.19,15.15,8.35,15.65,8.13,15.21,8.3,15.47,7.83,14.5,8.29,15.53,8.32,15.49,8.4,15.57,8.16,15.18,8.17,15.16,8.19,15.26,8.24,15.36,8.07,15.12,8.07,14.96,7.91,14.73,8.34,15.46
branch,1.68,4.12,1.68,4.12,6.2899999618530265,38.650001525878906,1.54,3.75,1.43,3.47,1.09,2.63,1.21,3.0,1.21,3.02,1.29,3.22,0.98,2.43,1.19,2.98,1.06,2.59,1.62,3.99,1.25,3.09,1.13,2.76,1.08,2.67,1.12,2.79,1.2,2.97,1.23,3.03,1.27,3.14,1.17,2.9,1.14,2.86,1.14,2.82
bridge,24.83,27.27,24.83,27.27,24.739999771118164,40.18000030517578,25.14,27.52,24.75,27.33,24.87,27.19,24.66,27.16,24.79,27.2,24.85,27.21,24.79,27.21,25.34,27.84,24.69,27.13,24.98,27.26,24.74,27.14,24.68,27.16,24.75,27.19,24.59,27.03,24.89,27.35,25.01,27.47,25.07,27.46,24.88,27.39,24.99,27.44,24.86,27.28
broccoli,0.0,0.0,0.0,0.0,25.479999542236325,28.29000091552734,0.0,0.0,0.0,0.0,0.0,0.0,0.0,0.0,0.0,0.0,0.0,0.0,0.0,0.0,0.0,0.0,0.0,0.0,0.0,0.0,0.0,0.0,0.0,0.0,0.0,0.0,0.0,0.0,0.0,0.0,0.0,0.0,0.0,0.0,0.0,0.0,0.0,0.0,0.0,0.0
building-other,22.31,44.98,22.31,44.98,30.09000015258789,52.040000915527344,22.45,45.43,22.33,44.63,22.23,44.96,22.27,45.1,22.41,45.61,22.28,45.3,22.36,45.41,22.27,45.13,22.27,45.2,22.32,45.14,22.48,45.51,22.43,44.85,22.31,45.19,22.26,44.94,22.57,45.51,22.6,45.52,22.51,45.49,22.45,45.68,22.57,45.65,22.56,44.91
bus,66.1,84.2,66.1,84.2,61.70000076293945,82.29000091552734,66.23,84.81,66.22,84.74,66.33,84.82,66.3,84.68,66.56,85.54,66.26,85.08,66.02,84.8,66.43,84.2,66.07,84.83,67.22,85.37,66.66,84.85,66.27,84.53,66.8,84.65,66.03,83.86,65.83,83.19,65.93,83.04,65.68,82.88,65.61,83.03,65.48,82.76,66.15,83.77
bush,4.47,19.36,4.47,19.36,11.699999809265137,34.689998626708984,4.4,19.23,4.48,19.53,4.59,19.83,4.34,19.0,4.27,18.52,4.37,18.94,4.21,18.2,4.34,18.98,4.25,18.36,4.52,19.58,4.46,19.49,4.34,18.89,4.59,19.89,4.5,19.48,4.41,19.15,4.4,19.14,4.34,18.79,4.3,18.61,4.44,19.35,4.26,18.63
cabinet,29.77,47.12,29.77,47.12,25.1299991607666,36.38999938964844,29.49,46.69,29.36,46.66,29.2,46.52,29.71,47.43,29.33,46.74,29.21,46.82,29.71,47.64,29.58,47.26,29.47,47.38,29.84,47.69,29.63,47.11,29.9,47.58,29.76,47.31,30.05,48.02,29.81,46.67,29.82,46.68,29.57,46.94,29.53,46.92,29.52,47.03,29.35,46.81
cage,20.83,29.98,20.83,29.98,5.429999828338623,6.53000020980835,20.72,29.98,20.62,29.8,20.78,30.0,20.69,30.02,20.62,29.84,20.64,29.81,20.61,29.81,20.81,29.97,20.59,29.87,20.51,29.8,20.54,29.71,20.68,29.91,20.47,29.62,20.63,29.77,20.66,29.73,20.66,29.72,20.66,29.79,20.75,29.9,20.79,29.9,20.71,29.98
cake,16.68,31.62,16.68,31.62,44.29999923706055,64.51000213623047,18.3,35.04,19.36,35.85,16.78,31.48,16.59,31.72,17.71,33.73,18.47,35.51,18.38,34.71,17.34,32.5,17.95,34.01,17.63,33.81,16.63,31.05,17.2,32.99,16.09,29.98,16.35,30.97,17.53,33.0,17.46,32.92,16.89,32.73,17.39,33.64,16.65,31.96,16.96,32.21
car,38.41,69.43,38.41,69.43,43.38999938964844,75.52999877929688,38.74,69.88,38.75,70.45,38.44,69.38,38.64,70.07,38.89,69.95,38.66,69.69,39.15,70.58,38.68,70.26,38.8,69.99,38.56,69.63,37.88,68.27,38.29,69.55,37.98,68.33,38.26,69.03,38.64,69.79,38.76,70.02,38.41,69.19,37.71,68.16,38.03,68.34,38.46,69.44
cardboard,1.61,2.35,1.61,2.35,22.020000457763672,26.309999465942386,1.16,1.69,1.4,2.06,1.26,1.83,0.99,1.45,1.35,1.97,1.34,1.95,1.25,1.82,0.55,0.81,1.16,1.69,0.95,1.39,1.29,1.89,0.76,1.11,1.11,1.62,0.9,1.32,1.68,2.42,1.56,2.25,1.14,1.66,1.49,2.17,1.08,1.58,1.1,1.62
carpet,56.44,62.15,56.44,62.14,40.689998626708984,55.060001373291016,51.52,60.05,51.17,57.69,51.71,58.23,53.48,60.95,52.24,60.81,50.67,59.36,52.32,60.17,54.85,61.43,53.04,60.54,51.54,59.88,52.47,59.02,55.08,60.95,51.65,59.11,52.53,58.64,50.8,58.42,50.98,59.4,53.09,60.45,52.81,59.12,54.26,61.53,53.59,59.49
carrot,22.22,22.24,22.22,22.24,36.849998474121094,38.63999938964844,11.03,11.03,25.03,25.07,24.87,24.92,25.36,25.41,26.42,26.48,26.17,26.23,26.48,26.55,23.57,23.61,27.06,27.13,24.71,24.75,25.69,25.75,22.2,22.23,26.85,26.93,25.14,25.19,26.96,27.03,27.05,27.11,22.41,22.44,24.47,24.51,22.95,22.98,24.29,24.32
cat,69.68,97.02,69.68,97.02,70.2699966430664,88.44999694824219,70.0,96.81,70.02,96.52,69.42,96.97,70.09,96.67,70.19,96.51,70.3,96.65,70.73,96.37,70.1,96.56,70.26,96.34,70.22,96.53,69.45,97.03,69.78,96.83,69.52,96.99,69.26,97.08,69.9,96.86,69.78,96.83,69.86,96.64,69.61,96.88,69.35,97.07,69.62,96.89
ceiling-other,26.44,48.98,26.44,48.98,29.139999389648434,45.13999938964844,25.64,47.72,25.39,47.5,25.72,47.96,26.05,48.7,26.07,48.0,25.6,47.45,25.47,47.85,24.97,47.42,25.25,47.12,26.35,48.43,25.88,48.15,26.51,48.61,25.61,47.91,25.92,48.5,26.31,48.44,26.56,48.87,26.13,48.34,25.85,47.86,26.25,48.43,26.75,48.74
ceiling-tile,0.0,nan,0.0,nan,6.929999828338623,21.690000534057617,0.0,nan,0.0,nan,0.0,nan,0.0,nan,0.0,nan,0.0,nan,0.0,nan,0.0,nan,0.0,nan,0.0,nan,0.0,nan,0.0,nan,0.0,nan,0.0,nan,0.0,nan,0.0,nan,0.0,nan,0.0,nan,0.0,nan,0.0,nan
cell phone,23.16,29.62,23.16,29.62,29.290000915527344,52.66999816894531,22.98,29.49,22.72,29.63,22.65,29.05,22.63,29.11,21.47,27.78,21.51,27.34,21.41,27.25,22.61,28.88,21.22,27.22,22.78,28.32,22.26,28.17,22.44,29.18,23.36,29.4,22.69,28.93,22.32,28.45,22.36,28.53,22.56,28.65,22.06,28.34,21.95,27.99,23.81,30.78
chair,1.55,1.78,1.55,1.78,16.65999984741211,18.229999542236328,1.47,1.7,1.15,1.34,1.41,1.62,1.3,1.51,1.19,1.36,1.12,1.29,1.07,1.21,1.22,1.41,1.17,1.34,1.11,1.28,1.45,1.66,1.45,1.67,1.48,1.68,1.52,1.75,1.39,1.61,1.4,1.62,1.25,1.44,1.27,1.47,1.07,1.24,0.98,1.13
clock,6.98,12.57,6.98,12.57,45.65999984741211,82.0999984741211,7.1,12.9,7.16,12.87,7.4,13.36,7.08,12.73,6.95,12.51,7.11,12.77,6.98,12.54,6.86,12.55,7.0,12.52,7.0,12.68,7.05,12.93,7.03,12.82,6.93,12.61,7.34,13.14,7.1,12.84,7.1,12.84,7.17,12.89,7.1,12.79,6.97,12.62,7.03,12.88
cloth,0.0,0.0,0.0,0.0,0.5299999713897705,1.940000057220459,0.0,0.0,0.0,0.0,0.0,0.0,0.0,0.0,0.0,0.0,0.0,0.0,0.0,0.0,0.0,0.0,0.0,0.0,0.0,0.0,0.0,0.0,0.0,0.0,0.0,0.0,0.0,0.0,0.0,0.0,0.0,0.0,0.0,0.0,0.0,0.0,0.0,0.0,0.0,0.0
clothes,1.95,9.55,1.95,9.55,4.039999961853027,28.770000457763672,2.04,10.05,1.98,9.69,1.99,9.72,2.0,9.8,2.03,10.03,1.98,9.75,2.0,9.82,2.04,10.06,2.0,9.82,2.05,10.07,1.95,9.53,2.08,10.28,1.98,9.7,2.04,9.99,2.0,9.84,2.03,9.97,2.01,9.87,1.99,9.77,2.05,10.11,2.06,10.19
clouds,54.44,60.84,54.44,60.84,32.790000915527344,37.439998626708984,54.32,60.74,54.69,61.15,53.94,60.54,53.66,59.92,54.22,60.71,54.11,60.7,53.98,60.5,54.73,60.7,53.75,60.38,54.71,61.11,54.7,61.12,54.92,61.22,54.11,60.62,54.43,60.57,55.09,61.53,55.11,61.55,55.15,61.63,54.64,61.26,54.96,61.32,54.85,61.29
couch,28.03,37.28,28.03,37.28,47.4900016784668,59.099998474121094,27.81,37.6,27.67,37.82,28.27,38.12,26.97,36.42,27.65,37.34,27.39,36.88,27.69,37.52,26.88,36.4,27.37,37.0,27.0,36.15,27.63,37.46,27.77,37.71,27.27,36.85,26.9,36.51,28.3,38.42,28.28,38.35,27.13,36.89,27.66,37.4,27.76,37.6,27.21,36.99
counter,12.3,34.33,12.3,34.33,10.4399995803833,34.09000015258789,12.06,33.63,12.2,33.74,11.85,33.22,11.67,32.87,12.36,34.62,12.3,34.22,11.64,32.38,11.44,32.35,11.66,32.49,11.85,33.25,12.28,34.18,11.78,33.14,11.8,32.89,11.96,33.47,12.03,33.94,11.9,33.67,11.87,33.08,11.92,33.38,11.2,31.79,12.2,34.44
cow,62.59,91.08,62.59,91.08,65.30999755859375,82.69000244140625,63.97,90.53,62.84,90.82,63.57,90.3,63.29,90.66,63.54,90.33,63.14,90.72,63.6,90.1,62.55,90.86,63.8,90.15,62.74,90.92,62.95,90.87,63.83,89.29,63.58,90.5,64.03,89.26,63.4,90.21,63.23,90.33,63.29,90.44,63.72,90.14,63.18,90.67,62.64,90.71
cup,1.6,2.58,1.6,2.58,17.549999237060547,25.059999465942383,1.87,3.0,1.46,2.41,1.74,2.78,1.68,2.69,1.64,2.62,1.74,2.8,1.71,2.71,1.41,2.3,1.62,2.59,1.81,2.9,1.72,2.72,1.52,2.53,1.63,2.62,1.51,2.46,1.68,2.73,1.65,2.69,1.65,2.7,1.56,2.57,1.57,2.55,1.47,2.39
cupboard,0.0,0.0,0.0,0.0,4.579999923706055,22.549999237060547,0.0,0.0,0.0,0.0,0.0,0.0,0.0,0.0,0.0,0.0,0.0,0.0,0.0,0.0,0.0,0.0,0.0,0.0,0.0,0.0,0.0,0.0,0.0,0.0,0.0,0.0,0.0,0.0,0.0,0.0,0.0,0.0,0.0,0.0,0.0,0.0,0.0,0.0,0.0,0.0
curtain,27.72,31.86,27.72,31.86,33.68000030517578,40.70000076293945,27.46,31.81,25.97,29.68,27.72,31.76,27.63,31.83,27.87,32.03,26.8,30.55,26.72,30.35,27.33,31.51,27.32,31.13,27.97,32.18,27.04,30.78,27.89,32.42,27.93,31.95,28.01,32.27,27.16,31.3,27.2,31.43,28.19,32.21,27.64,31.39,27.89,31.91,27.53,31.76
desk-stuff,19.75,26.15,19.75,26.15,23.079999923706055,38.130001068115234,21.0,28.2,21.54,29.01,21.14,28.33,20.61,27.88,21.6,29.28,21.31,28.86,21.37,28.89,21.4,29.09,21.31,28.87,21.08,28.75,21.17,28.7,20.21,27.04,21.26,28.63,19.99,26.95,20.41,27.42,20.73,27.74,20.25,27.4,19.74,26.48,20.28,27.57,21.77,29.89
dining table,15.3,18.36,15.3,18.36,8.779999732971191,9.5,15.33,18.35,15.09,18.18,15.02,17.94,14.85,17.76,14.98,18.05,15.32,18.49,15.31,18.42,15.75,18.9,15.37,18.43,15.09,18.0,15.11,18.12,15.16,18.26,15.11,18.05,15.11,18.1,15.04,18.07,15.01,18.05,15.22,18.26,15.48,18.66,15.34,18.47,15.23,18.24
dirt,7.06,8.21,7.06,8.21,15.5600004196167,17.809999465942383,7.0,8.15,6.99,8.16,6.43,7.49,7.28,8.47,6.73,7.83,7.04,8.18,6.58,7.66,6.82,7.98,6.53,7.6,7.25,8.43,7.07,8.24,6.62,7.73,6.58,7.67,7.15,8.33,6.91,8.04,6.84,7.95,6.71,7.82,7.16,8.32,6.97,8.1,6.99,8.14
dog,68.51,93.38,68.51,93.38,60.04999923706055,80.11000061035156,68.74,93.31,68.52,93.26,68.42,93.55,68.48,93.39,68.63,93.18,68.24,93.3,68.59,93.24,68.66,93.45,68.56,93.34,68.48,93.29,68.33,93.33,68.42,93.09,68.63,93.39,68.39,93.43,68.61,93.08,68.67,93.13,68.43,93.08,68.34,93.2,67.97,93.29,68.59,93.43
donut,0.0,0.0,0.0,0.0,51.40999984741212,55.66999816894531,0.0,0.0,0.0,0.0,0.0,0.0,0.0,0.0,0.0,0.0,0.0,0.0,0.0,0.0,0.0,0.0,0.0,0.0,0.0,0.0,0.0,0.0,0.0,0.0,0.0,0.0,0.0,0.0,0.0,0.0,0.0,0.0,0.0,0.0,0.0,0.0,0.0,0.0,0.0,0.0
door-stuff,5.6,5.99,5.6,5.99,15.3100004196167,22.049999237060547,5.58,5.96,5.46,5.83,5.41,5.78,5.57,5.95,5.6,5.99,5.63,6.01,5.65,6.04,5.56,5.93,5.51,5.86,5.57,5.96,5.55,5.92,5.59,6.0,5.65,6.04,5.49,5.89,5.51,5.88,5.61,5.99,5.57,5.97,5.55,5.94,5.61,6.01,5.73,6.14
elephant,85.76,97.12,85.76,97.12,80.6500015258789,91.93000030517578,86.26,96.81,86.0,96.92,86.34,96.74,86.15,96.92,85.98,96.76,85.75,96.88,86.09,96.7,86.05,97.08,86.21,96.54,85.64,97.05,86.4,96.61,86.31,96.5,86.31,96.46,86.38,96.53,86.34,96.52,86.26,96.55,86.12,96.69,86.04,96.83,86.01,96.78,85.97,97.0
fence,23.23,36.02,23.23,36.02,26.68000030517578,51.189998626708984,23.05,36.27,24.31,37.79,23.35,36.22,22.25,35.06,22.84,36.13,22.44,35.36,22.65,35.71,22.63,35.82,22.98,35.83,23.75,37.07,22.91,35.94,24.49,38.47,23.08,36.34,23.51,36.62,22.85,36.07,22.71,35.98,22.93,36.46,22.54,35.63,22.96,36.38,23.1,36.4
fire hydrant,45.19,63.36,45.19,63.36,51.36000061035156,79.05000305175781,45.76,64.97,45.72,63.14,45.88,64.02,44.59,62.13,45.44,63.63,44.87,62.33,44.96,62.91,45.72,62.53,45.6,63.7,45.97,64.74,44.86,61.43,44.61,61.97,45.2,61.88,45.41,62.59,45.19,61.72,45.33,61.95,45.83,63.14,44.97,62.49,45.67,63.1,45.56,62.86
floor-marble,14.1,54.92,14.1,54.92,6.199999809265137,11.0,14.11,54.94,13.84,54.44,14.02,54.75,14.04,54.05,14.0,54.34,13.96,54.97,13.97,54.81,14.04,54.82,14.23,55.4,14.1,54.88,13.92,54.63,13.97,54.29,13.91,54.2,14.06,54.31,13.99,54.48,13.87,54.18,14.04,54.49,14.06,54.26,14.1,54.67,13.77,53.47
floor-other,5.71,38.84,5.71,38.84,9.100000381469727,39.13999938964844,5.47,37.47,5.53,38.2,5.76,39.48,5.57,38.24,5.8,39.5,5.84,40.08,5.8,40.08,5.95,41.26,5.69,39.16,5.58,38.65,5.65,38.82,5.88,40.51,5.62,38.57,5.66,39.21,5.68,39.09,5.71,39.51,5.76,39.84,5.65,38.94,5.82,39.44,5.73,39.41
floor-stone,9.65,10.8,9.65,10.8,2.2200000286102295,3.7699999809265137,9.78,10.95,9.63,10.55,10.26,11.38,9.69,10.66,10.13,11.26,10.15,11.14,10.47,11.47,9.77,10.71,9.95,11.05,10.09,11.29,10.34,11.32,9.51,10.48,10.31,11.33,9.76,10.74,9.91,10.84,9.86,10.75,9.73,10.7,9.92,10.89,10.06,11.1,10.11,11.28
floor-tile,24.3,26.26,24.3,26.26,36.619998931884766,43.15999984741211,24.29,26.32,24.21,26.25,23.99,25.89,24.31,26.32,24.22,26.26,24.08,26.09,24.11,26.09,24.15,26.1,24.14,26.13,24.2,26.25,24.11,26.09,24.26,26.18,24.19,26.26,24.35,26.29,24.24,26.27,24.26,26.31,24.27,26.27,24.26,26.29,24.26,26.32,24.17,26.11
floor-wood,37.16,42.34,37.16,42.34,22.940000534057617,28.6299991607666,37.45,42.45,37.32,42.48,37.54,42.67,37.4,42.64,37.27,42.57,37.66,42.69,37.99,42.92,37.77,42.96,37.92,42.92,37.82,43.05,37.87,42.41,37.26,42.6,37.9,42.46,37.71,42.61,37.86,42.77,37.96,42.79,37.7,42.83,37.68,42.56,37.62,42.64,37.05,42.05
flower,0.0,0.0,0.0,0.0,31.309999465942383,45.70000076293945,0.0,0.0,0.0,0.0,0.0,0.0,0.0,0.0,0.0,0.0,0.0,0.0,0.0,0.0,0.0,0.0,0.0,0.0,0.0,0.0,0.0,0.0,0.0,0.0,0.0,0.0,0.0,0.0,0.0,0.0,0.0,0.0,0.0,0.0,0.0,0.0,0.0,0.0,0.0,0.0
fog,0.67,1.11,0.67,1.11,13.260000228881836,17.530000686645508,0.65,1.11,0.91,1.64,0.51,0.83,0.54,0.89,0.61,1.07,0.61,1.05,0.51,0.84,0.75,1.37,0.5,0.81,0.48,0.78,0.58,1.02,0.65,1.08,0.53,0.94,0.45,0.77,0.74,1.33,0.78,1.42,0.53,0.95,0.61,1.05,0.81,1.43,0.52,0.85
food-other,6.81,59.08,6.81,59.08,11.59000015258789,71.86000061035156,6.91,59.36,6.85,59.16,6.93,59.44,6.76,58.95,6.91,59.65,6.91,59.36,6.94,59.39,6.85,58.97,6.95,59.29,6.87,59.03,6.89,59.24,6.82,59.21,6.87,59.01,6.83,58.92,6.86,59.23,6.86,59.22,6.87,59.05,6.9,59.26,6.9,59.39,6.84,59.05
fork,0.0,0.0,0.0,0.0,17.450000762939453,21.079999923706055,0.0,0.0,0.0,0.0,0.0,0.0,0.0,0.0,0.0,0.0,0.0,0.0,0.0,0.0,0.0,0.0,0.0,0.0,0.0,0.0,0.0,0.0,0.0,0.0,0.0,0.0,0.0,0.0,0.0,0.0,0.0,0.0,0.0,0.0,0.0,0.0,0.0,0.0,0.0,0.0
frisbee,5.49,63.01,5.49,63.01,16.059999465942383,57.75,5.66,63.91,5.5,63.74,5.3,61.03,5.27,60.68,5.31,61.29,5.05,59.92,4.99,59.9,5.1,61.76,5.36,62.4,5.47,63.13,5.37,61.18,5.14,60.74,5.14,59.58,5.42,61.9,5.32,64.9,5.29,64.17,5.33,62.83,5.52,63.42,5.36,63.74,5.38,62.89
fruit,11.41,67.56,11.41,67.56,17.920000076293945,63.150001525878906,10.9,70.71,11.06,68.8,12.07,68.33,11.3,69.39,11.9,68.23,12.05,69.71,11.78,69.42,11.96,67.96,11.66,69.49,10.64,67.65,11.72,68.07,10.97,68.52,11.96,68.65,12.03,68.23,12.08,68.05,11.9,67.84,10.91,68.45,10.53,67.32,11.78,68.43,11.4,68.94
furniture-other,5.84,8.88,5.84,8.88,5.46999979019165,8.670000076293945,5.97,8.98,5.67,8.55,5.92,8.99,5.8,8.76,5.91,8.97,5.95,8.98,5.95,9.01,5.96,8.99,6.02,9.09,5.89,8.93,6.07,9.19,5.88,8.9,6.06,9.2,5.91,8.95,6.22,9.41,6.18,9.36,6.03,9.16,5.91,8.96,5.95,9.05,5.88,8.92
giraffe,47.06,81.87,47.06,81.87,48.91999816894531,88.73999786376953,46.62,80.91,46.5,81.84,43.59,79.57,46.5,81.11,46.68,80.6,46.27,80.48,45.58,80.17,46.23,80.34,45.49,80.66,45.24,81.45,46.66,81.52,43.84,79.97,45.75,81.24,44.55,80.12,44.63,79.96,44.95,80.03,45.5,79.76,44.99,79.89,45.56,80.29,46.15,80.29
grass,52.26,62.63,52.26,62.63,50.45000076293945,64.95999908447266,52.03,62.92,51.76,62.33,51.83,62.67,52.04,62.59,52.94,63.33,52.65,63.11,53.05,63.22,52.44,62.04,52.95,63.28,51.78,62.68,51.6,62.05,52.58,62.66,51.66,62.31,51.94,62.98,51.92,62.47,52.01,62.37,52.25,62.42,52.01,62.85,52.0,62.56,51.77,62.48
gravel,1.28,1.31,1.28,1.31,14.65999984741211,27.260000228881836,2.22,2.26,0.43,0.44,0.27,0.27,1.34,1.37,0.76,0.78,0.85,0.87,0.45,0.46,0.09,0.09,0.54,0.55,1.15,1.18,0.81,0.83,0.95,0.97,0.21,0.21,0.31,0.31,0.97,0.99,0.38,0.39,0.34,0.35,2.18,2.23,1.14,1.16,0.53,0.54
ground-other,1.62,20.11,1.62,20.11,2.8499999046325684,32.04999923706055,1.67,20.32,1.66,20.26,1.66,20.75,1.61,19.69,1.45,17.84,1.54,18.86,1.58,19.8,1.63,20.2,1.57,19.74,1.64,19.98,1.67,20.46,1.58,19.63,1.66,20.48,1.68,20.53,1.68,20.66,1.7,21.04,1.57,19.47,1.57,19.16,1.58,19.21,1.64,20.26
hair drier,0.0,nan,0.0,nan,1.940000057220459,24.68000030517578,0.0,nan,0.0,nan,0.0,nan,0.0,nan,0.0,nan,0.0,nan,0.0,nan,0.0,nan,0.0,nan,0.0,nan,0.0,nan,0.0,nan,0.0,nan,0.0,nan,0.0,nan,0.0,nan,0.0,nan,0.0,nan,0.0,nan,0.0,nan
handbag,0.21,0.37,0.21,0.37,11.5,16.43000030517578,0.21,0.37,0.2,0.35,0.2,0.34,0.18,0.3,0.19,0.33,0.2,0.36,0.2,0.35,0.21,0.37,0.2,0.35,0.18,0.32,0.21,0.38,0.18,0.31,0.21,0.36,0.2,0.35,0.21,0.37,0.21,0.37,0.16,0.28,0.18,0.32,0.19,0.32,0.21,0.37
hill,0.36,0.55,0.36,0.55,7.369999885559082,9.479999542236328,0.41,0.61,0.55,0.81,0.25,0.36,0.31,0.46,0.38,0.56,0.36,0.53,0.36,0.52,0.3,0.46,0.25,0.36,0.43,0.65,0.42,0.65,0.33,0.48,0.5,0.74,0.22,0.32,0.37,0.55,0.4,0.6,0.36,0.55,0.36,0.55,0.35,0.53,0.32,0.47
horse,50.83,73.28,50.83,73.28,61.0,87.08999633789062,50.89,72.45,50.66,73.35,50.78,73.05,50.85,72.54,49.76,71.69,49.89,72.27,50.19,72.13,50.8,72.65,49.78,71.9,50.81,73.69,50.23,72.43,50.4,71.45,50.65,72.59,50.79,72.31,50.27,71.76,50.36,72.08,50.22,71.8,50.48,72.14,50.09,72.52,50.87,72.63
hot dog,0.0,0.0,0.0,0.0,34.36000061035156,40.849998474121094,0.0,0.0,0.0,0.0,0.0,0.0,0.0,0.0,0.0,0.0,0.0,0.0,0.0,0.0,0.0,0.0,0.0,0.0,0.0,0.0,0.0,0.0,0.0,0.0,0.0,0.0,0.0,0.0,0.0,0.0,0.0,0.0,0.0,0.0,0.0,0.0,0.0,0.0,0.0,0.0
house,13.47,42.01,13.47,42.01,11.329999923706055,31.340000152587887,13.33,42.34,13.28,41.88,13.43,42.21,13.54,42.15,13.73,42.19,13.39,42.06,13.41,41.8,13.18,42.23,13.44,41.97,13.55,41.99,13.49,42.08,13.76,41.93,13.44,42.03,13.5,41.91,13.63,42.06,13.66,42.04,13.6,41.85,13.6,42.23,13.64,42.04,13.72,41.6
keyboard,42.65,94.54,42.65,94.54,44.97999954223633,65.87999725341797,43.29,94.77,43.55,94.45,43.38,94.77,42.23,94.83,41.96,94.64,42.96,94.82,42.56,94.73,41.97,94.4,41.77,94.79,42.28,94.74,43.45,94.24,43.87,94.48,43.07,94.32,43.01,94.27,43.29,94.54,43.21,94.64,43.49,94.3,43.32,94.42,42.94,94.43,43.66,94.59
kite,35.67,59.47,35.67,59.47,30.93000030517578,54.63000106811523,35.12,58.92,35.07,59.51,35.76,59.26,35.53,59.94,35.83,60.46,35.97,59.75,35.99,59.56,35.11,60.48,36.41,59.29,36.68,60.28,35.8,61.04,35.12,59.18,36.06,61.14,36.0,60.59,35.44,58.54,35.4,58.78,35.84,59.39,35.87,59.36,35.95,60.55,35.55,60.44
knife,0.0,0.0,0.0,0.0,6.739999771118164,9.4399995803833,0.0,0.0,0.0,0.0,0.0,0.0,0.0,0.0,0.0,0.0,0.0,0.0,0.0,0.0,0.0,0.0,0.0,0.0,0.0,0.0,0.0,0.0,0.0,0.0,0.0,0.0,0.0,0.0,0.0,0.0,0.0,0.0,0.0,0.0,0.0,0.0,0.0,0.0,0.0,0.0
laptop,41.61,54.9,41.61,54.9,44.70000076293945,64.22000122070312,42.84,56.13,42.43,55.39,42.55,55.58,41.87,55.01,40.37,52.77,41.3,53.74,40.73,52.79,39.64,51.47,40.09,52.1,40.6,52.9,42.29,55.56,42.3,55.37,41.85,54.73,41.62,54.75,41.68,54.69,42.14,55.27,42.32,55.8,41.67,55.15,41.44,54.53,41.74,54.6
leaves,0.0,0.0,0.0,0.0,8.859999656677246,11.25,0.0,0.0,0.0,0.0,0.0,0.0,0.0,0.0,0.0,0.0,0.0,0.0,0.0,0.0,0.0,0.0,0.0,0.0,0.0,0.0,0.0,0.0,0.0,0.0,0.0,0.0,0.0,0.0,0.0,0.0,0.0,0.0,0.0,0.0,0.0,0.0,0.0,0.0,0.0,0.0
light,2.58,13.93,2.58,13.93,3.900000095367431,29.959999084472656,2.52,13.43,2.5,13.24,2.62,13.9,2.47,13.36,2.39,13.0,2.39,12.7,2.4,12.78,2.68,13.96,2.41,13.06,2.47,13.29,2.52,13.19,2.54,13.67,2.55,13.6,2.63,13.73,2.7,14.25,2.73,14.41,2.62,13.88,2.61,13.92,2.48,13.2,2.57,14.04
mat,0.0,nan,0.0,nan,0.5600000023841858,3.309999942779541,0.0,nan,0.0,nan,0.0,nan,0.0,nan,0.0,nan,0.0,nan,0.0,nan,0.0,nan,0.0,nan,0.0,nan,0.0,nan,0.0,nan,0.0,nan,0.0,nan,0.0,nan,0.0,nan,0.0,nan,0.0,nan,0.0,nan,0.0,nan
metal,5.47,5.85,5.47,5.85,3.950000047683716,4.610000133514404,5.5,5.86,5.62,6.0,5.5,5.86,5.73,6.11,5.45,5.82,5.38,5.75,5.32,5.69,5.61,5.98,5.47,5.85,5.61,5.97,5.54,5.93,5.78,6.16,5.55,5.92,5.68,6.06,5.68,6.06,5.77,6.16,5.69,6.07,5.64,6.03,5.58,5.97,5.95,6.32
microwave,22.54,23.97,22.54,23.97,26.219999313354492,34.45000076293945,23.15,24.7,21.96,23.29,21.97,23.32,22.66,24.01,20.81,22.22,21.14,22.42,21.72,23.05,22.87,24.29,21.58,22.8,23.69,25.54,22.02,23.6,19.76,21.11,21.88,23.31,20.77,22.15,22.22,23.58,21.94,23.42,21.31,22.73,21.48,22.91,20.81,22.22,22.92,24.32
mirror-stuff,14.23,21.25,14.23,21.25,13.840000152587892,16.959999084472656,13.79,20.21,14.09,20.83,14.27,20.87,13.87,20.58,14.16,20.88,14.19,20.86,14.05,20.59,13.3,19.56,14.24,20.75,13.75,20.39,13.77,20.37,14.38,21.41,13.58,19.99,13.91,20.6,14.14,21.06,14.25,21.2,13.85,20.42,14.15,20.89,14.01,20.69,14.31,21.25
moss,0.0,0.0,0.0,0.0,0.0,0.0,0.0,0.0,0.0,0.0,0.0,0.0,0.0,0.0,0.0,0.0,0.0,0.0,0.0,0.0,0.0,0.0,0.0,0.0,0.0,0.0,0.0,0.0,0.0,0.0,0.0,0.0,0.0,0.0,0.0,0.0,0.0,0.0,0.0,0.0,0.0,0.0,0.0,0.0,0.0,0.0
motorcycle,61.3,75.46,61.3,75.46,66.37000274658203,86.05999755859375,60.9,75.75,61.13,75.65,61.5,75.42,61.64,75.44,60.91,75.69,60.83,75.69,61.23,75.55,61.75,75.5,60.94,75.64,61.71,75.36,61.81,75.43,61.12,75.64,62.12,75.26,61.65,75.48,61.85,75.4,62.06,75.32,61.82,75.44,61.57,75.45,61.76,75.38,61.51,75.57
mountain,40.92,58.3,40.91,58.3,38.099998474121094,65.20999908447266,42.07,60.82,41.24,58.26,41.02,58.32,41.94,60.06,42.49,60.85,42.24,60.27,42.33,60.56,41.75,59.68,42.1,59.65,41.18,59.16,42.11,61.12,42.04,59.85,42.09,59.91,42.28,60.93,42.6,61.17,42.45,61.26,42.29,61.21,42.26,60.71,41.86,59.96,42.26,60.48
mouse,38.83,87.71,38.83,87.71,21.739999771118164,48.849998474121094,39.8,88.07,39.51,87.35,39.71,87.86,40.16,87.4,42.18,86.25,43.41,87.34,44.37,87.59,40.53,88.23,42.5,87.74,41.03,87.3,38.95,88.34,38.77,88.04,39.36,88.33,38.1,88.27,39.72,88.35,39.79,88.2,40.94,88.32,39.68,88.4,40.95,88.3,38.14,88.09
mud,0.0,0.0,0.0,0.0,0.4399999976158142,1.4199999570846558,0.0,0.0,0.0,0.0,0.0,0.0,0.0,0.0,0.0,0.0,0.0,0.0,0.0,0.0,0.0,0.0,0.0,0.0,0.0,0.0,0.0,0.0,0.0,0.0,0.0,0.0,0.0,0.0,0.0,0.0,0.0,0.0,0.0,0.0,0.0,0.0,0.0,0.0,0.0,0.0
napkin,0.0,0.0,0.0,0.0,9.510000228881836,39.52000045776367,0.0,0.0,0.0,0.0,0.0,0.0,0.0,0.0,0.0,0.0,0.0,0.0,0.0,0.0,0.0,0.0,0.0,0.0,0.0,0.0,0.0,0.0,0.0,0.0,0.0,0.0,0.0,0.0,0.0,0.0,0.0,0.0,0.0,0.0,0.0,0.0,0.0,0.0,0.0,0.0
net,2.98,12.52,2.98,12.52,9.779999732971191,28.049999237060547,3.33,14.13,3.09,13.38,3.24,13.58,3.1,13.33,3.21,13.67,3.28,14.05,3.13,13.41,3.05,13.17,3.1,13.28,3.27,13.8,3.0,12.62,3.29,13.94,2.98,12.4,3.11,13.21,3.19,13.85,3.16,13.67,3.24,14.06,3.2,13.97,3.13,13.53,3.19,13.38
orange,0.0,0.0,0.0,0.0,24.549999237060547,28.600000381469727,0.0,0.0,0.0,0.0,0.0,0.0,0.0,0.0,0.0,0.0,0.0,0.0,0.0,0.0,0.0,0.0,0.0,0.0,0.0,0.0,0.0,0.0,0.0,0.0,0.0,0.0,0.0,0.0,0.0,0.0,0.0,0.0,0.0,0.0,0.0,0.0,0.0,0.0,0.0,0.0
oven,31.75,61.12,31.75,61.12,23.799999237060547,68.43000030517578,31.57,60.69,31.59,61.29,31.29,61.09,31.44,60.84,32.1,62.4,31.86,61.93,31.77,61.69,31.53,60.87,31.67,61.24,31.52,60.72,31.43,60.78,31.68,61.69,31.4,61.13,31.55,60.98,31.53,61.24,31.53,61.33,31.54,61.29,31.55,61.3,31.44,60.89,31.51,61.19
paper,0.69,2.83,0.69,2.83,13.359999656677246,27.42000007629394,0.66,2.73,0.64,2.63,0.66,2.77,0.65,2.67,0.66,2.68,0.66,2.69,0.65,2.65,0.65,2.68,0.66,2.73,0.66,2.72,0.67,2.72,0.66,2.72,0.67,2.74,0.67,2.76,0.66,2.69,0.66,2.68,0.65,2.64,0.66,2.67,0.67,2.72,0.63,2.63
parking meter,10.04,12.95,10.04,12.95,24.940000534057617,34.7400016784668,7.03,9.08,6.07,7.76,7.18,9.34,8.93,11.48,6.07,7.78,5.56,7.13,4.78,6.1,8.05,10.32,5.01,6.36,7.97,10.31,8.85,11.38,8.97,11.66,8.99,11.72,9.08,11.4,9.25,11.75,8.74,11.18,6.67,8.61,7.71,9.78,7.6,9.67,7.24,9.43
pavement,32.84,54.9,32.84,54.9,32.540000915527344,50.0999984741211,33.02,54.98,32.85,55.02,32.85,54.88,32.94,55.05,33.02,54.86,33.07,54.99,33.03,54.89,32.93,55.31,32.96,54.77,33.07,55.2,32.96,55.22,32.85,55.01,33.04,55.33,32.82,55.12,32.81,55.17,32.77,55.19,32.81,55.16,32.96,55.3,32.94,55.25,32.77,54.97
person,16.32,17.43,16.32,17.43,12.75,13.40999984741211,16.16,17.25,16.01,17.04,16.07,17.15,16.23,17.33,16.26,17.36,16.21,17.31,16.35,17.44,16.19,17.26,16.3,17.39,16.26,17.38,16.49,17.65,15.96,17.05,16.52,17.67,16.32,17.43,16.2,17.32,16.18,17.29,16.2,17.3,16.1,17.2,16.16,17.28,16.34,17.5
pillow,0.06,0.1,0.06,0.1,4.789999961853027,19.1299991607666,0.15,0.26,0.13,0.22,0.16,0.28,0.13,0.23,0.13,0.22,0.14,0.24,0.12,0.2,0.26,0.43,0.13,0.23,0.21,0.36,0.3,0.53,0.19,0.33,0.25,0.45,0.19,0.33,0.16,0.29,0.18,0.32,0.19,0.33,0.05,0.1,0.32,0.57,0.22,0.39
pizza,10.83,16.29,10.83,16.29,45.720001220703125,54.36000061035157,10.99,16.57,11.37,16.94,11.34,17.18,10.61,15.88,10.46,15.66,10.92,16.33,10.34,15.51,10.6,15.84,10.41,15.57,11.04,16.62,10.98,16.49,10.74,16.13,10.53,15.77,10.06,15.07,10.8,16.23,10.67,16.03,10.22,15.32,10.28,15.33,9.94,14.87,11.29,16.82
plant-other,12.52,24.44,12.52,24.44,4.909999847412109,6.849999904632568,12.01,22.14,11.56,21.75,12.97,25.93,11.69,22.16,11.71,23.01,12.32,24.33,12.68,24.87,13.27,26.56,12.34,24.12,11.44,21.23,11.34,22.26,11.95,22.45,11.66,23.03,12.06,24.41,11.27,22.58,11.02,21.79,11.0,20.64,11.54,21.3,11.56,22.95,12.04,23.05
plastic,1.7,1.76,1.7,1.76,4.570000171661377,4.929999828338623,2.08,2.16,1.26,1.29,1.72,1.77,1.42,1.47,1.82,1.87,1.39,1.44,1.76,1.82,1.68,1.74,1.49,1.53,1.85,1.89,1.99,2.06,1.59,1.64,1.88,1.94,1.81,1.87,2.3,2.37,2.14,2.21,2.21,2.28,2.21,2.29,2.23,2.3,1.5,1.56
platform,0.35,0.65,0.35,0.65,5.289999961853027,7.989999771118164,0.22,0.4,0.24,0.44,0.42,0.76,0.5,0.92,0.34,0.6,0.33,0.59,0.44,0.75,0.03,0.05,0.48,0.85,0.01,0.02,0.45,0.83,0.24,0.47,0.48,0.87,0.34,0.64,0.18,0.34,0.43,0.83,0.28,0.51,0.67,1.27,0.56,1.01,0.58,1.1
playingfield,1.56,1.59,1.56,1.59,0.1899999976158142,0.20000000298023227,1.64,1.66,1.62,1.65,1.55,1.58,1.58,1.6,1.54,1.56,1.52,1.54,1.54,1.57,1.51,1.53,1.53,1.56,1.62,1.65,1.62,1.65,1.53,1.55,1.6,1.63,1.55,1.57,1.59,1.62,1.58,1.61,1.55,1.57,1.56,1.58,1.57,1.59,1.61,1.63
potted plant,2.09,2.1,2.09,2.1,10.579999923706055,15.050000190734863,2.19,2.21,2.19,2.2,2.32,2.33,2.24,2.25,2.4,2.41,2.37,2.38,2.3,2.32,2.11,2.12,2.33,2.34,2.24,2.26,2.33,2.35,2.2,2.21,2.19,2.2,2.25,2.27,2.27,2.28,2.24,2.26,2.22,2.24,2.23,2.24,2.38,2.4,2.09,2.11
railing,0.42,1.16,0.42,1.16,4.989999771118164,17.639999389648438,0.68,1.89,1.28,3.5,0.0,0.0,0.8,2.21,0.18,0.49,0.41,1.14,0.61,1.7,0.75,2.03,0.63,1.73,0.07,0.19,1.26,3.39,1.1,3.1,1.05,2.86,2.2,6.05,0.86,2.39,1.01,2.79,0.57,1.56,0.38,1.06,0.85,2.3,0.5,1.38
railroad,37.55,92.1,37.55,92.1,39.060001373291016,84.63999938964844,38.06,92.0,37.87,92.19,37.72,92.15,38.06,92.0,38.13,91.84,37.92,91.75,38.19,91.74,37.21,92.5,38.15,91.87,37.79,92.22,37.77,92.22,37.67,92.14,37.49,92.28,37.9,91.99,37.44,92.2,37.29,92.37,36.9,92.13,38.03,91.57,37.08,92.13,37.29,92.26
refrigerator,24.73,29.18,24.73,29.18,48.970001220703125,61.290000915527344,24.74,29.1,25.58,29.96,24.7,28.95,25.37,30.07,26.01,30.42,25.79,30.17,26.04,30.54,25.5,29.68,25.76,30.06,25.21,29.58,25.03,29.43,25.54,30.15,25.07,29.57,25.53,30.26,25.32,29.73,25.16,29.61,25.51,30.14,25.53,30.08,25.09,29.65,25.97,30.29
remote,5.05,39.92,5.05,39.92,13.689999580383299,66.19000244140625,6.08,47.81,5.84,45.81,6.57,51.66,6.2,48.5,7.81,60.47,8.32,64.41,8.12,63.55,7.71,60.35,7.37,57.36,7.03,54.31,6.3,49.78,6.44,52.03,5.87,46.6,5.57,43.75,6.27,49.42,6.27,49.86,7.43,59.5,6.18,48.8,7.62,60.83,5.69,44.46
river,56.14,67.93,56.14,67.93,43.459999084472656,60.27000045776367,57.24,68.92,57.2,69.5,59.64,69.73,58.33,69.9,58.05,69.23,57.87,69.2,58.98,69.38,59.5,70.09,58.66,69.23,57.5,68.91,56.68,69.18,58.57,69.32,56.81,69.39,57.03,69.4,56.9,68.98,57.02,68.96,56.82,69.18,56.47,68.78,56.6,69.09,57.67,68.66
road,32.11,43.57,32.11,43.57,31.979999542236325,40.83000183105469,31.98,43.34,31.97,43.44,31.94,43.21,32.15,43.54,31.89,43.23,31.98,43.28,31.98,43.23,32.18,43.57,31.94,43.21,32.11,43.56,32.19,43.67,31.96,43.51,32.15,43.61,32.18,43.71,32.23,43.8,32.3,43.85,32.14,43.79,31.94,43.5,32.08,43.77,31.98,43.59
rock,38.35,53.9,38.35,53.9,31.969999313354492,46.900001525878906,38.72,54.34,38.97,54.53,38.86,54.86,38.78,54.47,38.46,54.12,38.53,54.09,38.73,54.47,39.04,54.9,38.7,54.42,38.7,54.46,38.91,54.63,38.95,54.75,39.0,54.75,38.75,54.71,38.95,54.78,38.96,54.8,38.86,54.7,38.51,54.25,38.68,54.49,38.75,54.47
roof,11.88,54.83,11.88,54.83,4.800000190734863,31.889999389648438,12.42,55.67,12.51,56.36,11.71,55.22,11.85,55.32,12.28,55.84,12.13,55.76,11.66,54.45,12.51,54.63,11.5,54.74,11.85,55.05,12.35,54.87,12.39,55.33,12.31,55.33,12.07,55.83,12.29,55.33,12.32,55.41,11.98,55.05,11.95,54.96,12.22,54.73,12.23,55.26
rug,2.25,3.14,2.25,3.14,17.3799991607666,22.100000381469727,1.95,2.64,1.31,1.76,1.97,2.72,1.83,2.44,1.79,2.4,1.73,2.34,1.82,2.52,1.8,2.41,1.79,2.47,1.53,2.06,2.06,2.81,2.14,2.92,1.42,1.9,1.71,2.3,1.84,2.51,1.66,2.25,1.44,1.91,1.63,2.23,1.71,2.3,1.82,2.51
salad,0.0,nan,0.0,nan,10.460000038146973,25.43000030517578,0.0,nan,0.0,nan,0.0,nan,0.0,nan,0.0,nan,0.0,nan,0.0,nan,0.0,nan,0.0,nan,0.0,nan,0.0,nan,0.0,nan,0.0,nan,0.0,nan,0.0,nan,0.0,nan,0.0,nan,0.0,nan,0.0,nan,0.0,nan
sand,36.18,42.7,36.18,42.7,44.619998931884766,55.91999816894532,34.98,41.08,31.51,37.4,31.23,36.42,32.67,38.75,32.69,38.64,32.67,38.36,30.83,36.24,30.42,35.84,32.22,37.64,33.9,39.96,33.31,39.44,31.03,36.48,30.7,36.55,30.75,36.45,31.84,37.45,31.44,36.95,33.1,38.93,35.31,41.56,32.15,37.73,35.52,41.99
sandwich,0.0,0.0,0.0,0.0,14.729999542236328,16.25,0.0,0.0,0.0,0.0,0.0,0.0,0.0,0.0,0.0,0.0,0.0,0.0,0.0,0.0,0.0,0.0,0.0,0.0,0.0,0.0,0.0,0.0,0.0,0.0,0.0,0.0,0.0,0.0,0.0,0.0,0.0,0.0,0.0,0.0,0.0,0.0,0.0,0.0,0.0,0.0
scissors,0.0,0.0,0.0,0.0,48.77000045776367,58.240001678466804,0.0,0.0,0.0,0.0,0.0,0.0,0.0,0.0,0.0,0.0,0.0,0.0,0.0,0.0,0.0,0.0,0.0,0.0,0.0,0.0,0.0,0.0,0.0,0.0,0.0,0.0,0.0,0.0,0.0,0.0,0.0,0.0,0.0,0.0,0.0,0.0,0.0,0.0,0.0,0.0
sea,42.98,54.74,42.98,54.74,50.610000610351555,60.4900016784668,43.38,55.26,42.82,55.34,41.72,55.46,43.28,55.76,43.05,55.38,43.09,55.64,42.9,55.53,42.99,55.96,43.15,55.54,41.8,55.05,42.29,55.21,42.46,55.08,42.21,54.97,42.54,55.22,42.44,55.02,42.32,54.92,42.62,55.03,43.0,54.86,42.46,55.09,42.93,55.07
sheep,51.04,74.65,51.04,74.65,73.12000274658203,88.68000030517578,53.06,73.58,52.09,74.18,52.24,74.21,52.35,74.04,52.68,73.6,53.0,73.4,52.96,73.97,51.34,74.36,52.73,74.16,52.74,73.73,51.62,74.03,51.13,74.3,52.48,73.85,51.77,74.42,52.44,73.69,52.69,73.42,51.81,73.87,51.94,74.44,51.63,74.08,51.55,74.63
shelf,33.33,36.16,33.33,36.16,14.510000228881836,16.860000610351562,33.15,35.97,33.37,35.99,33.08,35.89,32.95,35.69,32.51,35.11,32.44,34.95,32.86,35.35,34.03,37.19,32.92,35.51,33.25,35.93,33.76,36.81,33.55,36.46,34.28,37.4,33.72,36.79,33.53,36.61,33.47,36.55,34.51,37.65,33.18,35.94,33.74,36.82,33.15,35.93
sink,20.98,40.71,20.98,40.71,31.479999542236325,55.080001831054695,20.69,40.55,21.79,42.35,21.07,41.5,22.0,42.8,21.43,41.66,21.54,41.64,21.68,41.87,21.19,41.45,22.18,42.4,21.8,42.0,21.58,40.75,21.56,42.12,21.93,41.25,22.05,41.96,21.68,41.44,21.86,41.88,22.15,42.09,21.98,41.93,21.82,41.44,22.21,43.69
skateboard,13.91,17.28,13.91,17.28,19.600000381469727,56.58000183105468,13.92,17.32,9.73,11.89,13.31,16.55,16.91,21.3,11.34,14.09,10.66,13.27,10.83,13.41,13.25,16.5,13.18,16.35,11.68,14.5,11.8,14.72,11.98,14.82,12.64,15.78,13.49,17.03,9.91,12.21,8.67,10.64,9.1,11.16,12.57,15.69,11.09,13.77,11.1,13.53
skis,11.57,67.18,11.57,67.18,9.930000305175781,72.06999969482422,11.89,71.06,11.55,68.44,11.69,68.86,11.66,70.2,11.87,71.06,12.17,70.9,12.27,69.49,11.59,68.79,12.34,70.6,12.07,69.71,12.04,71.11,11.69,68.91,11.66,70.58,11.72,69.86,11.47,69.09,11.61,69.15,11.58,70.02,11.67,70.46,11.97,71.25,11.62,68.54
sky-other,51.06,57.36,51.06,57.36,48.04999923706055,57.060001373291016,51.14,57.45,51.07,57.31,50.78,56.9,50.55,57.04,50.84,57.07,50.78,57.05,50.59,56.88,50.97,56.99,50.51,56.96,51.2,57.26,51.17,57.21,51.23,57.4,51.03,57.32,50.87,56.94,51.23,57.29,51.19,57.21,51.01,57.04,51.09,57.26,51.21,57.2,50.91,57.15
skyscraper,12.58,20.01,12.58,20.01,21.549999237060547,39.65999984741211,12.62,20.26,12.97,20.59,12.67,20.15,12.65,20.06,12.31,19.64,12.17,19.23,12.55,19.85,12.36,19.9,12.54,19.69,12.12,19.63,12.73,20.12,12.79,20.43,12.81,20.43,13.04,20.77,12.58,20.01,12.53,20.0,12.27,19.67,12.68,20.22,12.62,20.05,12.51,20.11
snow,58.19,74.57,58.19,74.57,71.6500015258789,86.31999969482422,58.17,73.29,57.81,74.03,58.27,74.28,58.17,73.65,58.19,73.5,58.12,73.65,58.11,73.79,58.52,74.49,57.71,73.8,58.29,74.17,58.03,72.95,58.35,73.53,57.74,72.95,58.37,73.17,58.35,73.18,58.43,73.16,58.47,73.01,58.59,73.04,58.56,73.58,58.46,73.71
snowboard,0.01,0.62,0.01,0.62,16.40999984741211,65.43000030517578,0.0,0.08,0.01,0.5,0.03,1.2,0.01,0.46,0.0,0.12,0.0,0.21,0.0,0.12,0.01,0.29,0.01,0.37,0.0,0.0,0.0,0.0,0.01,0.29,0.0,0.0,0.01,0.33,0.0,0.04,0.0,0.12,0.0,0.12,0.0,0.04,0.0,0.21,0.0,0.21
solid-other,1.65,4.04,1.65,4.04,0.09000000357627869,0.4399999976158142,1.57,3.83,1.47,3.67,1.5,3.75,1.47,3.68,1.51,3.67,1.58,3.87,1.46,3.6,1.54,3.76,1.56,3.86,1.67,4.18,1.66,4.14,1.52,3.74,1.67,4.17,1.49,3.71,1.68,4.06,1.69,4.04,1.58,3.86,1.59,3.97,1.7,4.13,1.59,3.91
spoon,60.52,91.19,60.52,91.19,18.270000457763672,37.150001525878906,60.18,90.07,60.81,90.95,60.79,89.97,61.08,90.64,61.51,89.97,60.78,90.28,61.44,90.3,61.42,91.71,60.65,89.92,60.45,90.07,60.22,90.27,60.71,90.76,60.06,90.08,61.0,90.91,60.91,91.42,60.8,91.86,60.72,91.24,61.14,91.88,60.91,91.45,60.59,91.04
sports ball,1.05,41.07,1.05,41.07,2.450000047683716,65.55000305175781,1.17,44.62,1.05,41.18,1.16,44.72,1.05,38.73,1.15,43.64,1.13,42.99,1.04,39.08,1.18,43.87,1.02,39.29,1.04,41.21,1.07,41.85,1.12,42.81,1.04,40.49,1.11,42.68,1.12,42.06,1.17,43.5,1.15,43.34,1.09,40.43,1.11,41.75,1.09,42.81
stairs,0.0,0.0,0.0,0.0,11.819999694824219,20.139999389648438,0.0,0.0,0.0,0.0,0.0,0.0,0.0,0.0,0.0,0.0,0.0,0.0,0.0,0.0,0.0,0.0,0.0,0.0,0.0,0.0,0.0,0.0,0.0,0.0,0.0,0.0,0.0,0.0,0.0,0.0,0.0,0.0,0.0,0.0,0.0,0.0,0.0,0.0,0.0,0.0
stone,37.47,51.36,37.47,51.36,6.820000171661376,11.010000228881836,37.83,52.5,38.02,52.21,38.16,52.61,37.67,51.71,37.29,51.11,37.39,50.89,37.98,51.59,38.41,53.57,38.11,51.59,38.13,52.52,38.59,52.98,37.22,52.18,38.45,53.23,38.2,52.15,38.28,52.87,38.27,53.02,38.07,52.62,37.17,50.89,37.87,52.23,37.9,52.22
stop sign,12.5,83.96,12.5,83.96,64.16999816894531,91.33999633789062,11.95,82.58,11.74,81.65,12.64,83.35,12.51,85.35,11.68,81.46,11.82,81.65,11.3,78.5,12.33,84.08,11.74,81.16,11.78,80.6,12.26,82.08,12.65,86.13,13.01,87.24,12.82,87.01,11.8,82.05,11.73,81.5,11.79,81.74,11.77,81.01,11.94,82.85,11.91,80.62
straw,0.01,0.01,0.01,0.01,15.140000343322754,19.899999618530273,0.02,0.02,0.01,0.01,0.01,0.01,0.01,0.01,0.0,0.0,0.01,0.01,0.0,0.0,0.0,0.0,0.01,0.01,0.02,0.02,0.02,0.02,0.01,0.01,0.0,0.0,0.02,0.02,0.03,0.03,0.03,0.03,0.01,0.01,0.04,0.04,0.01,0.01,0.01,0.01
structural-other,0.0,0.0,0.0,0.0,0.10999999940395355,0.23999999463558194,0.0,0.0,0.0,0.0,0.0,0.0,0.0,0.0,0.0,0.0,0.0,0.0,0.0,0.0,0.0,0.0,0.0,0.0,0.0,0.0,0.0,0.0,0.0,0.0,0.0,0.0,0.0,0.0,0.0,0.0,0.0,0.0,0.0,0.0,0.0,0.0,0.0,0.0,0.0,0.0
suitcase,55.48,64.36,55.48,64.36,45.709999084472656,51.75999832153321,55.57,64.33,55.84,64.39,55.07,64.33,55.0,64.43,55.01,64.49,55.61,64.31,55.51,64.33,55.5,64.45,55.31,64.34,54.87,64.42,56.23,64.19,54.85,64.52,55.71,64.4,55.55,64.36,55.73,64.19,55.77,64.21,55.04,64.37,55.82,64.11,55.44,64.29,55.1,64.32
surfboard,27.67,88.96,27.67,88.96,28.69000053405762,74.08999633789062,28.47,88.98,28.53,88.96,29.19,88.98,29.03,89.06,28.61,89.05,29.54,89.01,29.51,89.04,29.21,89.1,29.29,89.01,28.22,89.03,28.0,88.89,28.22,89.02,28.09,88.86,28.32,88.88,28.37,88.99,28.26,88.97,28.01,89.06,28.38,88.9,28.41,89.06,28.2,89.07
table,15.44,19.68,15.44,19.68,7.119999885559082,10.0600004196167,15.49,19.86,15.38,19.86,15.41,19.8,15.5,19.78,15.69,20.04,15.98,20.36,16.05,20.41,15.57,19.92,15.88,20.32,15.83,20.22,15.5,19.82,15.35,19.63,15.42,19.83,15.42,19.8,15.34,19.76,15.4,19.82,15.52,19.93,15.45,19.77,15.57,19.94,15.84,20.26
teddy bear,0.59,0.6,0.59,0.6,61.849998474121094,72.37999725341797,0.49,0.5,0.78,0.79,0.55,0.56,0.57,0.57,0.74,0.75,0.68,0.69,0.64,0.64,0.58,0.59,0.62,0.63,0.49,0.5,0.6,0.6,0.63,0.64,0.72,0.73,0.9,0.91,0.74,0.75,0.72,0.73,0.65,0.65,0.74,0.75,0.7,0.71,0.55,0.55
tennis racket,4.22,20.25,4.22,20.25,7.5,49.83000183105469,4.21,20.77,4.24,20.12,4.36,20.5,4.24,20.62,4.32,20.37,4.24,20.01,4.28,20.07,4.4,20.48,4.28,20.21,4.39,20.7,4.18,20.31,4.55,20.58,4.25,20.48,4.34,20.45,4.27,20.54,4.26,20.44,4.27,20.26,4.22,20.49,4.31,20.3,4.24,20.23
tent,22.95,72.47,22.95,72.47,5.739999771118164,12.380000114440918,22.88,72.15,22.98,72.43,23.16,72.16,22.53,71.8,22.93,72.13,22.86,72.38,22.23,70.94,22.71,72.64,22.68,71.35,22.59,72.76,22.9,72.39,22.92,72.68,22.98,72.6,23.03,73.27,23.16,72.33,23.17,72.47,23.04,72.16,22.81,72.23,22.9,71.93,22.94,72.42
textile-other,2.11,2.57,2.11,2.57,3.9600000381469727,5.840000152587891,1.6,1.94,2.43,2.96,1.85,2.26,1.67,2.06,1.74,2.13,1.7,2.09,2.03,2.47,1.62,1.98,2.36,2.88,1.37,1.68,1.72,2.08,1.51,1.84,1.75,2.12,1.74,2.12,2.14,2.59,2.16,2.61,2.01,2.42,2.36,2.87,1.9,2.3,2.06,2.51
tie,1.37,45.72,1.37,45.72,0.9700000286102295,49.099998474121094,1.39,45.73,1.39,45.64,1.39,45.72,1.4,45.61,1.36,45.49,1.36,45.5,1.38,45.57,1.39,45.52,1.38,45.52,1.37,45.51,1.36,45.52,1.38,45.69,1.35,45.52,1.38,45.69,1.38,45.63,1.38,45.64,1.38,45.75,1.39,45.62,1.37,45.58,1.34,45.5
toaster,0.0,0.0,0.0,0.0,17.649999618530273,46.349998474121094,0.0,0.0,0.0,0.0,0.0,0.0,0.0,0.0,0.0,0.0,0.0,0.0,0.0,0.0,0.0,0.0,0.0,0.0,0.0,0.0,0.0,0.0,0.0,0.0,0.0,0.0,0.0,0.0,0.0,0.0,0.0,0.0,0.0,0.0,0.0,0.0,0.0,0.0,0.0,0.0
toilet,33.54,94.17,33.54,94.17,31.399999618530273,74.87000274658203,33.26,93.75,33.0,94.1,32.92,93.1,33.44,93.53,33.71,94.42,33.03,93.84,32.96,93.59,33.3,93.75,33.35,93.91,33.46,94.45,32.37,93.6,33.03,94.73,32.3,94.05,32.44,94.49,33.17,94.54,33.29,94.56,32.67,95.1,32.87,94.25,32.45,94.54,34.06,94.62
toothbrush,0.0,0.0,0.0,0.0,23.950000762939453,54.49000167846679,0.0,0.0,0.0,0.0,0.0,0.0,0.0,0.0,0.0,0.0,0.0,0.0,0.0,0.0,0.0,0.0,0.0,0.0,0.0,0.0,0.0,0.0,0.0,0.0,0.0,0.0,0.0,0.0,0.0,0.0,0.0,0.0,0.0,0.0,0.0,0.0,0.0,0.0,0.0,0.0
towel,28.76,68.49,28.76,68.49,9.699999809265137,44.689998626708984,28.87,68.57,28.34,68.51,28.33,68.96,28.56,69.07,28.59,69.24,29.04,68.92,28.99,68.99,28.49,68.8,28.98,69.35,28.62,68.69,28.28,68.63,28.2,69.56,28.68,68.37,28.37,68.48,28.36,68.9,28.44,68.96,28.44,68.93,28.27,68.85,28.83,69.15,28.28,69.36
traffic light,23.6,61.39,23.6,61.39,20.040000915527344,72.9800033569336,22.58,63.11,25.13,72.48,22.29,61.14,22.49,61.46,22.5,63.13,22.97,61.42,22.35,61.56,23.74,62.75,22.27,60.42,22.94,61.75,23.33,62.55,23.64,63.43,23.27,60.14,23.75,61.21,23.62,63.08,23.61,62.92,23.28,62.43,23.72,62.82,23.78,64.71,23.43,64.05
train,36.98,47.9,36.98,47.9,52.75,67.22000122070312,37.58,48.64,37.62,48.65,37.39,47.88,37.44,48.3,38.03,48.74,37.86,48.56,38.24,48.86,37.57,47.95,37.85,48.42,37.81,48.61,37.79,48.63,38.01,48.96,37.88,48.5,37.39,48.18,37.16,47.79,37.27,47.81,36.99,47.57,36.98,48.07,37.12,47.67,37.06,47.78
tree,24.96,27.99,24.96,27.99,36.779998779296875,40.13999938964844,25.31,28.42,25.49,28.57,24.46,27.46,24.53,27.55,24.85,27.93,25.17,28.28,24.93,28.01,24.67,27.73,24.9,27.94,24.73,27.75,25.05,28.18,25.35,28.52,24.84,27.85,25.02,28.15,25.11,28.19,25.14,28.22,25.32,28.46,25.33,28.43,25.23,28.34,25.07,28.25
truck,18.72,23.41,18.72,23.41,35.849998474121094,45.52000045776367,19.09,23.9,19.2,23.93,18.26,22.88,18.97,23.62,18.98,23.42,19.32,24.07,18.87,23.62,19.27,24.01,18.86,23.54,18.84,23.33,19.36,23.92,19.56,24.39,19.23,23.95,19.24,24.19,18.78,23.52,18.72,23.46,19.15,24.01,19.17,24.1,19.0,23.69,19.07,23.85
tv,16.0,17.97,16.0,17.97,29.34000015258789,37.029998779296875,15.96,17.99,16.01,18.04,15.93,17.98,16.15,18.2,15.9,17.91,15.87,17.86,15.76,17.71,16.15,18.22,15.78,17.74,16.13,18.2,16.07,18.19,16.22,18.43,15.97,18.08,16.14,18.22,16.19,18.37,16.29,18.54,16.03,18.22,16.07,18.26,16.0,18.17,16.43,18.6
umbrella,39.18,54.68,39.18,54.68,35.22999954223633,70.7300033569336,40.22,55.95,40.51,56.54,39.95,55.48,39.93,55.3,39.1,54.69,39.63,55.45,38.94,54.25,38.79,53.31,39.53,54.96,39.81,55.79,40.3,56.13,39.91,55.56,39.77,55.61,39.95,55.42,40.65,56.77,40.38,56.45,40.43,56.43,39.93,55.91,40.58,56.84,40.01,55.9
vase,58.25,77.21,58.25,77.21,29.760000228881832,50.0999984741211,59.01,77.52,59.25,76.69,58.89,76.74,59.51,76.85,59.39,77.28,59.01,76.72,59.99,76.95,58.69,76.44,60.22,77.04,58.7,76.85,59.24,76.15,59.8,76.75,59.76,76.3,59.82,76.21,58.13,76.13,57.82,75.91,59.47,76.53,59.79,76.4,60.55,77.49,58.87,76.95
vegetable,26.45,45.97,26.45,45.97,14.489999771118164,43.90999984741211,25.52,45.81,25.48,44.98,25.82,44.23,25.13,44.28,25.56,44.6,25.83,44.65,26.26,45.23,26.51,45.33,26.29,45.71,25.54,45.45,25.61,45.2,25.18,44.59,25.97,45.47,26.45,46.11,25.79,45.41,25.53,45.21,25.6,46.08,25.91,46.24,26.64,47.05,26.1,45.87
wall-brick,43.52,64.24,43.53,64.24,30.3799991607666,44.59000015258789,42.95,63.86,43.25,64.19,42.72,62.97,42.63,64.17,42.33,63.4,42.37,63.36,42.48,63.48,43.57,64.33,42.49,63.7,42.99,63.93,43.19,64.01,43.18,64.4,42.98,63.75,43.44,64.39,43.06,64.32,43.18,64.29,42.98,64.18,42.55,63.79,42.85,64.17,42.86,63.82
wall-concrete,2.65,2.67,2.65,2.67,3.3599998950958248,3.450000047683716,2.6,2.62,2.58,2.6,2.73,2.75,2.26,2.27,2.25,2.27,2.44,2.45,2.26,2.27,2.77,2.8,2.33,2.35,2.17,2.19,2.51,2.53,2.47,2.48,2.49,2.51,2.15,2.16,2.43,2.45,2.5,2.52,2.22,2.23,2.29,2.31,2.19,2.21,2.67,2.69
wall-other,2.26,4.04,2.26,4.04,6.349999904632568,11.869999885559082,2.39,4.31,2.38,4.28,2.33,4.17,2.29,4.1,2.34,4.23,2.35,4.25,2.37,4.29,2.3,4.11,2.42,4.4,2.38,4.33,2.3,4.14,2.31,4.12,2.35,4.21,2.35,4.25,2.38,4.29,2.37,4.26,2.32,4.17,2.28,4.11,2.32,4.21,2.36,4.21
wall-panel,0.0,0.0,0.0,0.0,2.319999933242798,3.0399999618530273,0.0,0.0,0.0,0.0,0.05,0.08,0.0,0.0,0.0,0.01,0.0,0.0,0.0,0.0,0.0,0.0,0.0,0.0,0.0,0.0,0.0,0.0,0.0,0.0,0.0,0.0,0.02,0.03,0.01,0.01,0.01,0.02,0.02,0.03,0.01,0.01,0.01,0.02,0.0,0.0
wall-stone,37.61,52.72,37.61,52.72,23.989999771118164,36.59000015258789,38.01,53.0,37.51,52.89,38.08,52.88,37.59,53.28,37.82,52.59,37.63,52.6,37.76,52.91,37.97,53.09,37.76,52.86,37.88,53.13,38.26,53.53,37.58,52.93,38.25,53.35,37.66,53.08,38.07,53.14,38.07,53.31,37.93,53.08,37.63,52.94,37.6,52.62,37.48,52.94
wall-tile,48.82,64.21,48.82,64.21,40.5099983215332,60.97999954223633,48.69,64.21,47.9,63.6,48.31,63.33,48.8,64.29,48.79,64.12,48.39,63.84,48.36,63.77,49.01,64.36,48.6,64.11,48.85,64.22,47.49,62.66,47.77,62.66,47.41,61.98,46.93,61.72,47.81,63.3,47.94,63.42,47.13,61.8,47.93,62.82,46.97,61.6,49.14,64.43
wall-wood,0.48,0.5,0.48,0.5,12.170000076293945,13.260000228881836,0.64,0.68,0.7,0.75,0.56,0.6,0.51,0.54,0.48,0.51,0.48,0.51,0.54,0.57,0.6,0.64,0.53,0.56,0.71,0.76,0.54,0.58,0.65,0.69,0.65,0.69,0.54,0.58,0.57,0.61,0.6,0.64,0.69,0.73,0.65,0.69,0.55,0.58,0.54,0.58
water-other,18.28,50.7,18.28,50.7,16.649999618530273,57.08000183105468,19.15,53.29,20.01,55.82,22.92,63.92,20.18,55.89,19.83,54.78,19.82,54.62,21.03,57.92,21.73,60.4,20.84,57.57,19.14,52.65,19.56,54.18,21.41,59.55,19.78,55.01,19.68,54.67,18.65,51.55,18.83,52.09,18.95,52.51,18.76,51.86,18.73,51.78,19.18,53.11
waterdrops,0.0,nan,0.0,nan,0.23999999463558194,3.549999952316284,0.0,nan,0.0,nan,0.0,nan,0.0,nan,0.0,nan,0.0,nan,0.0,nan,0.0,nan,0.0,nan,0.0,nan,0.0,nan,0.0,nan,0.0,nan,0.0,nan,nan,nan,nan,nan,0.0,nan,0.0,nan,0.0,nan,0.0,nan
window-blind,21.68,22.25,21.68,22.25,34.599998474121094,47.84000015258789,21.09,21.6,22.25,23.06,21.62,22.26,21.73,22.4,21.65,22.11,21.11,21.55,21.85,22.34,20.78,21.51,22.1,22.5,21.49,22.09,19.97,20.55,21.47,22.4,21.41,22.04,21.56,22.11,21.79,22.41,21.84,22.52,21.91,22.62,21.52,22.08,21.35,22.08,21.32,22.04
window-other,25.01,54.35,25.01,54.35,26.25,48.06999969482422,25.11,53.73,25.55,54.51,25.25,55.15,25.4,54.74,25.14,55.02,25.07,54.42,24.98,54.21,24.77,53.26,25.21,54.41,25.36,54.93,24.89,53.88,24.76,54.07,25.22,54.37,25.03,53.36,25.04,54.39,25.06,54.2,25.17,54.67,24.82,54.0,25.29,55.15,24.08,52.47
wine glass,22.1,47.42,22.1,47.42,30.200000762939457,75.5199966430664,22.78,49.83,17.39,35.55,23.32,51.73,22.66,48.52,17.55,36.65,16.44,33.43,19.55,40.33,22.05,48.06,21.38,44.95,23.17,50.17,22.29,47.9,18.37,38.03,22.5,48.63,21.24,44.73,20.93,43.72,20.3,42.34,20.58,42.98,15.65,31.91,18.91,38.94,22.74,48.42
wood,2.32,4.65,2.32,4.65,8.220000267028809,26.489999771118168,2.3,4.57,2.4,4.75,2.29,4.53,2.14,4.28,2.34,4.65,2.3,4.57,2.31,4.56,2.42,4.82,2.32,4.6,2.28,4.56,2.32,4.62,2.31,4.6,2.22,4.4,2.2,4.39,2.15,4.28,2.2,4.37,2.26,4.52,2.27,4.57,2.27,4.56,2.3,4.63
zebra,78.33,94.2,78.33,94.2,79.44000244140625,91.73999786376953,78.47,93.55,78.06,94.13,78.49,93.26,78.52,93.42,78.29,93.33,78.13,93.86,78.34,93.33,78.39,93.07,78.37,93.52,78.22,94.17,78.3,93.87,78.74,92.88,78.28,93.69,78.62,93.25,78.39,93.42,78.38,93.47,78.55,93.32,78.65,93.25,78.52,93.75,78.21,93.72
