Class,baseline_old_IoU,baseline_new_IoU,full50k_IoU,cand_progress_top01_old_delta_vs_baseline_old,cand_progress_top02_old_delta_vs_baseline_old,cand_progress_top03_old_delta_vs_baseline_old,cand_progress_top04_old_delta_vs_baseline_old,cand_progress_top05_old_delta_vs_baseline_old,cand_progress_top06_old_delta_vs_baseline_old,cand_progress_top07_old_delta_vs_baseline_old,cand_progress_top08_old_delta_vs_baseline_old,cand_progress_top09_old_delta_vs_baseline_old,cand_progress_top10_old_delta_vs_baseline_old,cand_progress_top01_new_delta_vs_baseline_new,cand_progress_top02_new_delta_vs_baseline_new,cand_progress_top03_new_delta_vs_baseline_new,cand_progress_top04_new_delta_vs_baseline_new,cand_progress_top05_new_delta_vs_baseline_new,cand_progress_top06_new_delta_vs_baseline_new,cand_progress_top07_new_delta_vs_baseline_new,cand_progress_top08_new_delta_vs_baseline_new,cand_progress_top09_new_delta_vs_baseline_new,cand_progress_top10_new_delta_vs_baseline_new
airplane,65.65,65.65,42.09000015258789,-0.9200000000000017,0.6799999999999926,0.7999999999999972,0.9699999999999989,0.009999999999990905,0.23999999999999488,0.8299999999999983,0.14999999999999147,0.47999999999998977,1.0799999999999983,0.3999999999999915,-0.5900000000000034,1.3999999999999915,-0.23000000000000398,1.2199999999999989,1.2399999999999949,1.3599999999999994,0.8099999999999881,1.1199999999999903,0.7800000000000011
apple,0.0,0.0,12.890000343322756,0.0,0.0,0.0,0.0,0.0,0.0,0.0,0.0,0.0,0.0,0.0,0.0,0.0,0.0,0.0,0.0,0.0,0.0,0.0,0.0
backpack,1.6,1.6,8.039999961853027,0.16999999999999993,0.10999999999999988,0.3699999999999999,0.2799999999999998,0.06999999999999984,-0.010000000000000009,0.09999999999999987,0.41999999999999993,-0.030000000000000027,0.07999999999999985,0.27,0.1299999999999999,-0.10000000000000009,0.22999999999999998,-0.16000000000000014,-0.09000000000000008,0.17999999999999994,0.17999999999999994,0.6000000000000001,-0.16000000000000014
banana,16.37,16.37,44.189998626708984,0.4299999999999997,2.2699999999999996,2.5599999999999987,1.8999999999999986,1.5,1.1899999999999977,0.9499999999999993,1.1899999999999977,0.7899999999999991,0.8499999999999979,1.509999999999998,3.379999999999999,1.3399999999999999,-0.13000000000000256,2.7799999999999976,3.539999999999999,2.8900000000000006,2.2300000000000004,0.5299999999999976,1.1199999999999974
banner,2.17,2.17,2.190000057220459,0.040000000000000036,0.0,0.0,0.0,0.0,-0.020000000000000018,-0.020000000000000018,0.010000000000000231,-0.009999999999999787,0.020000000000000018,0.0,0.020000000000000018,-0.009999999999999787,0.0,0.0,0.0,0.010000000000000231,0.0,0.0,0.010000000000000231
baseball bat,0.0,0.0,5.079999923706055,0.0,0.0,0.0,0.0,0.0,0.0,0.0,0.0,0.0,0.0,0.0,0.0,0.0,0.0,0.0,0.0,0.0,0.0,0.0,0.0
baseball glove,0.0,0.0,19.049999237060547,0.0,0.0,0.0,0.0,0.0,0.0,0.0,0.0,0.0,0.0,0.0,0.0,0.0,0.0,0.0,0.0,0.0,0.0,0.0,0.0
bear,84.14,84.14,78.13999938964844,0.12999999999999545,-0.04000000000000625,-0.1599999999999966,0.04999999999999716,0.0,0.06999999999999318,-0.10999999999999943,-0.23999999999999488,-0.10999999999999943,0.010000000000005116,0.04000000000000625,0.06999999999999318,-0.010000000000005116,-0.01999999999999602,-0.09999999999999432,-0.12000000000000455,-0.10999999999999943,0.0799999999999983,-0.04000000000000625,0.060000000000002274
bed,36.68,36.68,48.75,0.14999999999999858,0.21000000000000085,-0.060000000000002274,0.21999999999999886,0.3200000000000003,0.1600000000000037,0.22999999999999687,-0.1700000000000017,0.5300000000000011,0.10000000000000142,-0.5499999999999972,-0.07000000000000028,-0.6799999999999997,-0.14999999999999858,-0.28000000000000114,-0.3100000000000023,-0.07000000000000028,0.030000000000001137,0.04999999999999716,0.29999999999999716
bench,23.1,23.1,35.869998931884766,0.4599999999999973,-0.7000000000000028,-0.46000000000000085,-1.0600000000000023,-0.990000000000002,-0.740000000000002,-1.240000000000002,-0.39000000000000057,-0.6300000000000026,-0.1700000000000017,-0.6400000000000006,0.33999999999999986,0.07000000000000028,-0.22000000000000242,0.1999999999999993,-0.120000000000001,-0.6400000000000006,-0.14000000000000057,-0.38000000000000256,-0.610000000000003
bicycle,44.28,44.28,54.88999938964844,-0.23000000000000398,-0.21000000000000085,-0.3400000000000034,-0.030000000000001137,0.00999999999999801,-0.23000000000000398,0.10999999999999943,-0.25,0.240000000000002,-0.03999999999999915,-0.1600000000000037,-0.20000000000000284,-0.00999999999999801,0.0,0.00999999999999801,0.10999999999999943,-0.07000000000000028,0.12999999999999545,0.28000000000000114,-0.3400000000000034
bird,46.63,46.63,57.040000915527344,-0.1700000000000017,-0.7800000000000011,0.8699999999999974,-0.10999999999999943,-0.7600000000000051,-0.25,-0.240000000000002,-2.1200000000000045,0.36999999999999744,0.8499999999999943,-0.44000000000000483,-0.45000000000000284,0.22999999999999687,-0.480000000000004,-0.4200000000000017,-0.5800000000000054,-0.07000000000000028,0.23999999999999488,-0.07000000000000028,-0.37000000000000455
blanket,7.13,7.13,6.300000190734862,-1.7699999999999996,-0.5099999999999998,-0.6699999999999999,-0.7400000000000002,-1.6899999999999995,-1.3099999999999996,-1.12,-0.1299999999999999,-0.9199999999999999,-1.4500000000000002,-0.9500000000000002,-0.6600000000000001,-1.38,-0.8899999999999997,-0.6200000000000001,-0.9500000000000002,-1.2000000000000002,-1.2299999999999995,-0.6499999999999995,-1.0499999999999998
boat,52.59,52.59,32.54999923706055,-0.5800000000000054,-0.39000000000000057,-0.6900000000000048,-0.28000000000000114,0.00999999999999801,-0.29000000000000625,-0.6100000000000065,-0.14000000000000057,-0.4300000000000068,-0.2600000000000051,-0.38000000000000256,-0.060000000000002274,-0.1600000000000037,0.14999999999999858,-0.39000000000000057,-0.37000000000000455,-0.3500000000000014,-0.21000000000000085,-0.3300000000000054,0.11999999999999744
book,37.26,37.26,25.719999313354492,-0.30999999999999517,-0.4799999999999969,-0.46000000000000085,-1.6799999999999997,0.8000000000000043,-0.01999999999999602,-0.3299999999999983,-0.4799999999999969,-0.46999999999999886,-0.00999999999999801,0.35999999999999943,-0.10999999999999943,0.6400000000000006,-0.17999999999999972,0.44000000000000483,0.28000000000000114,0.240000000000002,-0.44999999999999574,-0.12999999999999545,0.46999999999999886
bottle,36.42,36.42,23.799999237060547,-0.5200000000000031,-0.480000000000004,-0.6400000000000006,-0.1600000000000037,-0.12000000000000455,-0.09000000000000341,-0.07000000000000028,-1.0399999999999991,0.11999999999999744,-0.060000000000002274,0.259999999999998,-0.9200000000000017,0.0799999999999983,0.0799999999999983,-0.3500000000000014,-0.23000000000000398,0.1599999999999966,0.11999999999999744,0.07000000000000028,-0.12000000000000455
bowl,7.84,7.84,14.27000045776367,-0.040000000000000036,0.5199999999999996,0.10000000000000053,0.5199999999999996,0.34999999999999964,0.5099999999999998,0.2900000000000009,0.46000000000000085,-0.009999999999999787,0.4499999999999993,0.4800000000000004,0.5600000000000005,0.3200000000000003,0.33000000000000007,0.34999999999999964,0.40000000000000036,0.23000000000000043,0.23000000000000043,0.07000000000000028,0.5
branch,1.68,1.68,6.2899999618530265,-0.1399999999999999,-0.25,-0.5899999999999999,-0.47,-0.47,-0.3899999999999999,-0.7,-0.49,-0.6199999999999999,-0.05999999999999983,-0.42999999999999994,-0.55,-0.5999999999999999,-0.5599999999999998,-0.48,-0.44999999999999996,-0.4099999999999999,-0.51,-0.54,-0.54
bridge,24.83,24.83,24.739999771118164,0.3100000000000023,-0.0799999999999983,0.0400000000000027,-0.16999999999999815,-0.03999999999999915,0.020000000000003126,-0.03999999999999915,0.5100000000000016,-0.13999999999999702,0.15000000000000213,-0.08999999999999986,-0.14999999999999858,-0.0799999999999983,-0.23999999999999844,0.060000000000002274,0.18000000000000327,0.240000000000002,0.05000000000000071,0.16000000000000014,0.030000000000001137
broccoli,0.0,0.0,25.479999542236325,0.0,0.0,0.0,0.0,0.0,0.0,0.0,0.0,0.0,0.0,0.0,0.0,0.0,0.0,0.0,0.0,0.0,0.0,0.0,0.0
building-other,22.31,22.31,30.09000015258789,0.14000000000000057,0.019999999999999574,-0.0799999999999983,-0.03999999999999915,0.10000000000000142,-0.029999999999997584,0.05000000000000071,-0.03999999999999915,-0.03999999999999915,0.010000000000001563,0.1700000000000017,0.120000000000001,0.0,-0.04999999999999716,0.26000000000000156,0.2900000000000027,0.20000000000000284,0.14000000000000057,0.26000000000000156,0.25
bus,66.1,66.1,61.70000076293945,0.13000000000000966,0.12000000000000455,0.23000000000000398,0.20000000000000284,0.46000000000000796,0.1600000000000108,-0.0799999999999983,0.3300000000000125,-0.030000000000001137,1.1200000000000045,0.5600000000000023,0.1700000000000017,0.7000000000000028,-0.06999999999999318,-0.269999999999996,-0.1699999999999875,-0.4199999999999875,-0.4899999999999949,-0.6199999999999903,0.05000000000001137
bush,4.47,4.47,11.699999809265137,-0.0699999999999994,0.010000000000000675,0.1200000000000001,-0.1299999999999999,-0.20000000000000018,-0.09999999999999964,-0.2599999999999998,-0.1299999999999999,-0.21999999999999975,0.04999999999999982,-0.009999999999999787,-0.1299999999999999,0.1200000000000001,0.03000000000000025,-0.05999999999999961,-0.0699999999999994,-0.1299999999999999,-0.16999999999999993,-0.02999999999999936,-0.20999999999999996
cabinet,29.77,29.77,25.1299991607666,-0.28000000000000114,-0.41000000000000014,-0.5700000000000003,-0.05999999999999872,-0.4400000000000013,-0.5599999999999987,-0.05999999999999872,-0.19000000000000128,-0.3000000000000007,0.07000000000000028,-0.14000000000000057,0.129999999999999,-0.00999999999999801,0.28000000000000114,0.03999999999999915,0.05000000000000071,-0.1999999999999993,-0.23999999999999844,-0.25,-0.41999999999999815
cage,20.83,20.83,5.429999828338623,-0.10999999999999943,-0.2099999999999973,-0.04999999999999716,-0.13999999999999702,-0.2099999999999973,-0.18999999999999773,-0.21999999999999886,-0.019999999999999574,-0.23999999999999844,-0.31999999999999673,-0.28999999999999915,-0.14999999999999858,-0.35999999999999943,-0.1999999999999993,-0.16999999999999815,-0.16999999999999815,-0.16999999999999815,-0.0799999999999983,-0.03999999999999915,-0.11999999999999744
cake,16.68,16.68,44.29999923706055,1.620000000000001,2.6799999999999997,0.10000000000000142,-0.08999999999999986,1.0300000000000011,1.7899999999999991,1.6999999999999993,0.6600000000000001,1.2699999999999996,0.9499999999999993,-0.05000000000000071,0.5199999999999996,-0.5899999999999999,-0.3299999999999983,0.8500000000000014,0.7800000000000011,0.21000000000000085,0.7100000000000009,-0.030000000000001137,0.28000000000000114
car,38.41,38.41,43.38999938964844,0.3300000000000054,0.3400000000000034,0.030000000000001137,0.23000000000000398,0.480000000000004,0.25,0.740000000000002,0.2700000000000031,0.39000000000000057,0.15000000000000568,-0.529999999999994,-0.11999999999999744,-0.4299999999999997,-0.14999999999999858,0.23000000000000398,0.3500000000000014,0.0,-0.6999999999999957,-0.37999999999999545,0.05000000000000426
cardboard,1.61,1.61,22.020000457763672,-0.4500000000000002,-0.2100000000000002,-0.3500000000000001,-0.6200000000000001,-0.26,-0.27,-0.3600000000000001,-1.06,-0.4500000000000002,-0.6600000000000001,-0.32000000000000006,-0.8500000000000001,-0.5,-0.7100000000000001,0.06999999999999984,-0.050000000000000044,-0.4700000000000002,-0.1200000000000001,-0.53,-0.51
carpet,56.44,56.44,40.689998626708984,-4.919999999999995,-5.269999999999996,-4.729999999999997,-2.960000000000001,-4.199999999999996,-5.769999999999996,-4.119999999999997,-1.5899999999999963,-3.3999999999999986,-4.899999999999999,-3.969999999999999,-1.3599999999999994,-4.789999999999999,-3.9099999999999966,-5.640000000000001,-5.460000000000001,-3.3499999999999943,-3.6299999999999955,-2.1799999999999997,-2.8499999999999943
carrot,22.22,22.22,36.849998474121094,-11.19,2.8100000000000023,2.650000000000002,3.1400000000000006,4.200000000000003,3.950000000000003,4.260000000000002,1.3500000000000014,4.84,2.490000000000002,3.4700000000000024,-0.019999999999999574,4.630000000000003,2.9200000000000017,4.740000000000002,4.830000000000002,0.19000000000000128,2.25,0.7300000000000004,2.0700000000000003
cat,69.68,69.68,70.2699966430664,0.3199999999999932,0.3399999999999892,-0.2600000000000051,0.4099999999999966,0.5099999999999909,0.6199999999999903,1.0499999999999972,0.4199999999999875,0.5799999999999983,0.539999999999992,-0.23000000000000398,0.09999999999999432,-0.1600000000000108,-0.4200000000000017,0.21999999999999886,0.09999999999999432,0.1799999999999926,-0.07000000000000739,-0.3300000000000125,-0.060000000000002274
ceiling-other,26.44,26.44,29.139999389648434,-0.8000000000000007,-1.0500000000000007,-0.7200000000000024,-0.39000000000000057,-0.370000000000001,-0.8399999999999999,-0.9700000000000024,-1.4700000000000024,-1.1900000000000013,-0.08999999999999986,-0.5600000000000023,0.07000000000000028,-0.8300000000000018,-0.5199999999999996,-0.13000000000000256,0.11999999999999744,-0.3100000000000023,-0.5899999999999999,-0.19000000000000128,0.3099999999999987
ceiling-tile,0.0,0.0,6.929999828338623,0.0,0.0,0.0,0.0,0.0,0.0,0.0,0.0,0.0,0.0,0.0,0.0,0.0,0.0,0.0,0.0,0.0,0.0,0.0,0.0
cell phone,23.16,23.16,29.290000915527344,-0.17999999999999972,-0.4400000000000013,-0.5100000000000016,-0.5300000000000011,-1.6900000000000013,-1.6499999999999986,-1.75,-0.5500000000000007,-1.9400000000000013,-0.379999999999999,-0.8999999999999986,-0.7199999999999989,0.1999999999999993,-0.46999999999999886,-0.8399999999999999,-0.8000000000000007,-0.6000000000000014,-1.1000000000000014,-1.2100000000000009,0.6499999999999986
chair,1.55,1.55,16.65999984741211,-0.08000000000000007,-0.40000000000000013,-0.14000000000000012,-0.25,-0.3600000000000001,-0.42999999999999994,-0.48,-0.33000000000000007,-0.3800000000000001,-0.43999999999999995,-0.10000000000000009,-0.10000000000000009,-0.07000000000000006,-0.030000000000000027,-0.16000000000000014,-0.15000000000000013,-0.30000000000000004,-0.28,-0.48,-0.5700000000000001
clock,6.98,6.98,45.65999984741211,0.11999999999999922,0.17999999999999972,0.41999999999999993,0.09999999999999964,-0.03000000000000025,0.1299999999999999,0.0,-0.1200000000000001,0.019999999999999574,0.019999999999999574,0.0699999999999994,0.04999999999999982,-0.05000000000000071,0.35999999999999943,0.11999999999999922,0.11999999999999922,0.1899999999999995,0.11999999999999922,-0.010000000000000675,0.04999999999999982
cloth,0.0,0.0,0.5299999713897705,0.0,0.0,0.0,0.0,0.0,0.0,0.0,0.0,0.0,0.0,0.0,0.0,0.0,0.0,0.0,0.0,0.0,0.0,0.0,0.0
clothes,1.95,1.95,4.039999961853027,0.09000000000000008,0.030000000000000027,0.040000000000000036,0.050000000000000044,0.07999999999999985,0.030000000000000027,0.050000000000000044,0.09000000000000008,0.050000000000000044,0.09999999999999987,0.0,0.13000000000000012,0.030000000000000027,0.09000000000000008,0.050000000000000044,0.07999999999999985,0.05999999999999983,0.040000000000000036,0.09999999999999987,0.1100000000000001
clouds,54.44,54.44,32.790000915527344,-0.11999999999999744,0.25,-0.5,-0.7800000000000011,-0.21999999999999886,-0.3299999999999983,-0.46000000000000085,0.28999999999999915,-0.6899999999999977,0.2700000000000031,0.2600000000000051,0.480000000000004,-0.3299999999999983,-0.00999999999999801,0.6500000000000057,0.6700000000000017,0.7100000000000009,0.20000000000000284,0.5200000000000031,0.4100000000000037
couch,28.03,28.03,47.4900016784668,-0.22000000000000242,-0.35999999999999943,0.23999999999999844,-1.0600000000000023,-0.38000000000000256,-0.6400000000000006,-0.33999999999999986,-1.1500000000000021,-0.6600000000000001,-1.0300000000000011,-0.40000000000000213,-0.26000000000000156,-0.7600000000000016,-1.1300000000000026,0.2699999999999996,0.25,-0.9000000000000021,-0.370000000000001,-0.2699999999999996,-0.8200000000000003
counter,12.3,12.3,10.4399995803833,-0.2400000000000002,-0.10000000000000142,-0.45000000000000107,-0.6300000000000008,0.05999999999999872,0.0,-0.6600000000000001,-0.8600000000000012,-0.6400000000000006,-0.45000000000000107,-0.02000000000000135,-0.5200000000000014,-0.5,-0.33999999999999986,-0.27000000000000135,-0.40000000000000036,-0.4300000000000015,-0.3800000000000008,-1.1000000000000014,-0.10000000000000142
cow,62.59,62.59,65.30999755859375,1.3799999999999955,0.25,0.9799999999999969,0.6999999999999957,0.9499999999999957,0.5499999999999972,1.009999999999998,-0.04000000000000625,1.2099999999999937,0.14999999999999858,0.35999999999999943,1.2399999999999949,0.9899999999999949,1.4399999999999977,0.8099999999999952,0.6399999999999935,0.6999999999999957,1.1299999999999955,0.5899999999999963,0.04999999999999716
cup,1.6,1.6,17.549999237060547,0.27,-0.14000000000000012,0.1399999999999999,0.07999999999999985,0.039999999999999813,0.1399999999999999,0.10999999999999988,-0.19000000000000017,0.020000000000000018,0.20999999999999996,0.11999999999999988,-0.08000000000000007,0.029999999999999805,-0.09000000000000008,0.07999999999999985,0.04999999999999982,0.04999999999999982,-0.040000000000000036,-0.030000000000000027,-0.13000000000000012
cupboard,0.0,0.0,4.579999923706055,0.0,0.0,0.0,0.0,0.0,0.0,0.0,0.0,0.0,0.0,0.0,0.0,0.0,0.0,0.0,0.0,0.0,0.0,0.0,0.0
curtain,27.72,27.72,33.68000030517578,-0.259999999999998,-1.75,0.0,-0.08999999999999986,0.15000000000000213,-0.9199999999999982,-1.0,-0.39000000000000057,-0.3999999999999986,0.25,-0.6799999999999997,0.1700000000000017,0.21000000000000085,0.2900000000000027,-0.5599999999999987,-0.5199999999999996,0.4700000000000024,-0.0799999999999983,0.1700000000000017,-0.18999999999999773
desk-stuff,19.75,19.75,23.079999923706055,1.25,1.7899999999999991,1.3900000000000006,0.8599999999999994,1.8500000000000014,1.5599999999999987,1.620000000000001,1.6499999999999986,1.5599999999999987,1.3299999999999983,1.4200000000000017,0.46000000000000085,1.5100000000000016,0.23999999999999844,0.6600000000000001,0.9800000000000004,0.5,-0.010000000000001563,0.5300000000000011,2.0199999999999996
dining table,15.3,15.3,8.779999732971191,0.02999999999999936,-0.21000000000000085,-0.28000000000000114,-0.45000000000000107,-0.3200000000000003,0.019999999999999574,0.009999999999999787,0.4499999999999993,0.06999999999999851,-0.21000000000000085,-0.19000000000000128,-0.14000000000000057,-0.19000000000000128,-0.19000000000000128,-0.26000000000000156,-0.2900000000000009,-0.08000000000000007,0.17999999999999972,0.03999999999999915,-0.07000000000000028
dirt,7.06,7.06,15.5600004196167,-0.05999999999999961,-0.0699999999999994,-0.6299999999999999,0.22000000000000064,-0.3299999999999992,-0.019999999999999574,-0.47999999999999954,-0.23999999999999932,-0.5299999999999994,0.1900000000000004,0.010000000000000675,-0.4399999999999995,-0.47999999999999954,0.09000000000000075,-0.14999999999999947,-0.21999999999999975,-0.34999999999999964,0.10000000000000053,-0.08999999999999986,-0.0699999999999994
dog,68.51,68.51,60.04999923706055,0.22999999999998977,0.009999999999990905,-0.09000000000000341,-0.030000000000001137,0.11999999999999034,-0.27000000000001023,0.0799999999999983,0.14999999999999147,0.04999999999999716,-0.030000000000001137,-0.18000000000000682,-0.09000000000000341,0.11999999999999034,-0.12000000000000455,0.09999999999999432,0.1599999999999966,-0.0799999999999983,-0.1700000000000017,-0.5400000000000063,0.0799999999999983
donut,0.0,0.0,51.40999984741212,0.0,0.0,0.0,0.0,0.0,0.0,0.0,0.0,0.0,0.0,0.0,0.0,0.0,0.0,0.0,0.0,0.0,0.0,0.0,0.0
door-stuff,5.6,5.6,15.3100004196167,-0.019999999999999574,-0.13999999999999968,-0.1899999999999995,-0.02999999999999936,0.0,0.03000000000000025,0.05000000000000071,-0.040000000000000036,-0.08999999999999986,-0.02999999999999936,-0.04999999999999982,-0.009999999999999787,0.05000000000000071,-0.10999999999999943,-0.08999999999999986,0.010000000000000675,-0.02999999999999936,-0.04999999999999982,0.010000000000000675,0.13000000000000078
elephant,85.76,85.76,80.6500015258789,0.5,0.23999999999999488,0.5799999999999983,0.39000000000000057,0.21999999999999886,-0.010000000000005116,0.3299999999999983,0.28999999999999204,0.44999999999998863,-0.12000000000000455,0.6400000000000006,0.5499999999999972,0.5499999999999972,0.6199999999999903,0.5799999999999983,0.5,0.35999999999999943,0.28000000000000114,0.25,0.20999999999999375
fence,23.23,23.23,26.68000030517578,-0.17999999999999972,1.0799999999999983,0.120000000000001,-0.9800000000000004,-0.39000000000000057,-0.7899999999999991,-0.5800000000000018,-0.6000000000000014,-0.25,0.5199999999999996,-0.3200000000000003,1.259999999999998,-0.15000000000000213,0.28000000000000114,-0.379999999999999,-0.5199999999999996,-0.3000000000000007,-0.6900000000000013,-0.2699999999999996,-0.129999999999999
fire hydrant,45.19,45.19,51.36000061035156,0.5700000000000003,0.5300000000000011,0.6900000000000048,-0.5999999999999943,0.25,-0.3200000000000003,-0.22999999999999687,0.5300000000000011,0.4100000000000037,0.7800000000000011,-0.3299999999999983,-0.5799999999999983,0.010000000000005116,0.21999999999999886,0.0,0.14000000000000057,0.6400000000000006,-0.21999999999999886,0.480000000000004,0.37000000000000455
floor-marble,14.1,14.1,6.199999809265137,0.009999999999999787,-0.2599999999999998,-0.08000000000000007,-0.0600000000000005,-0.09999999999999964,-0.1399999999999988,-0.129999999999999,-0.0600000000000005,0.13000000000000078,0.0,-0.17999999999999972,-0.129999999999999,-0.1899999999999995,-0.03999999999999915,-0.10999999999999943,-0.23000000000000043,-0.0600000000000005,-0.03999999999999915,0.0,-0.33000000000000007
floor-other,5.71,5.71,9.100000381469727,-0.2400000000000002,-0.17999999999999972,0.04999999999999982,-0.13999999999999968,0.08999999999999986,0.1299999999999999,0.08999999999999986,0.2400000000000002,-0.019999999999999574,-0.1299999999999999,-0.05999999999999961,0.16999999999999993,-0.08999999999999986,-0.04999999999999982,-0.03000000000000025,0.0,0.04999999999999982,-0.05999999999999961,0.11000000000000032,0.020000000000000462
floor-stone,9.65,9.65,2.2200000286102295,0.129999999999999,-0.019999999999999574,0.6099999999999994,0.03999999999999915,0.4800000000000004,0.5,0.8200000000000003,0.11999999999999922,0.29999999999999893,0.4399999999999995,0.6899999999999995,-0.14000000000000057,0.6600000000000001,0.10999999999999943,0.2599999999999998,0.20999999999999908,0.08000000000000007,0.2699999999999996,0.41000000000000014,0.4599999999999991
floor-tile,24.3,24.3,36.619998931884766,-0.010000000000001563,-0.08999999999999986,-0.3100000000000023,0.00999999999999801,-0.08000000000000185,-0.22000000000000242,-0.19000000000000128,-0.15000000000000213,-0.16000000000000014,-0.10000000000000142,-0.19000000000000128,-0.03999999999999915,-0.10999999999999943,0.05000000000000071,-0.060000000000002274,-0.03999999999999915,-0.030000000000001137,-0.03999999999999915,-0.03999999999999915,-0.129999999999999
floor-wood,37.16,37.16,22.940000534057617,0.29000000000000625,0.1600000000000037,0.38000000000000256,0.240000000000002,0.11000000000000654,0.5,0.8300000000000054,0.6100000000000065,0.7600000000000051,0.6600000000000037,0.7100000000000009,0.10000000000000142,0.740000000000002,0.5500000000000043,0.7000000000000028,0.8000000000000043,0.5400000000000063,0.5200000000000031,0.46000000000000085,-0.10999999999999943
flower,0.0,0.0,31.309999465942383,0.0,0.0,0.0,0.0,0.0,0.0,0.0,0.0,0.0,0.0,0.0,0.0,0.0,0.0,0.0,0.0,0.0,0.0,0.0,0.0
fog,0.67,0.67,13.260000228881836,-0.020000000000000018,0.24,-0.16000000000000003,-0.13,-0.06000000000000005,-0.06000000000000005,-0.16000000000000003,0.07999999999999996,-0.17000000000000004,-0.19000000000000006,-0.09000000000000008,-0.020000000000000018,-0.14,-0.22000000000000003,0.06999999999999995,0.10999999999999999,-0.14,-0.06000000000000005,0.14,-0.15000000000000002
food-other,6.81,6.81,11.59000015258789,0.10000000000000053,0.040000000000000036,0.1200000000000001,-0.04999999999999982,0.10000000000000053,0.10000000000000053,0.13000000000000078,0.040000000000000036,0.14000000000000057,0.0600000000000005,0.08000000000000007,0.010000000000000675,0.0600000000000005,0.020000000000000462,0.05000000000000071,0.05000000000000071,0.0600000000000005,0.09000000000000075,0.09000000000000075,0.03000000000000025
fork,0.0,0.0,17.450000762939453,0.0,0.0,0.0,0.0,0.0,0.0,0.0,0.0,0.0,0.0,0.0,0.0,0.0,0.0,0.0,0.0,0.0,0.0,0.0,0.0
frisbee,5.49,5.49,16.059999465942383,0.16999999999999993,0.009999999999999787,-0.1900000000000004,-0.22000000000000064,-0.1800000000000006,-0.4400000000000004,-0.5,-0.39000000000000057,-0.1299999999999999,-0.020000000000000462,-0.1200000000000001,-0.35000000000000053,-0.35000000000000053,-0.07000000000000028,-0.16999999999999993,-0.20000000000000018,-0.16000000000000014,0.02999999999999936,-0.1299999999999999,-0.11000000000000032
fruit,11.41,11.41,17.920000076293945,-0.5099999999999998,-0.34999999999999964,0.6600000000000001,-0.10999999999999943,0.4900000000000002,0.6400000000000006,0.3699999999999992,0.5500000000000007,0.25,-0.7699999999999996,0.3100000000000005,-0.4399999999999995,0.5500000000000007,0.6199999999999992,0.6699999999999999,0.4900000000000002,-0.5,-0.8800000000000008,0.3699999999999992,-0.009999999999999787
furniture-other,5.84,5.84,5.46999979019165,0.1299999999999999,-0.16999999999999993,0.08000000000000007,-0.040000000000000036,0.07000000000000028,0.11000000000000032,0.11000000000000032,0.1200000000000001,0.17999999999999972,0.04999999999999982,0.23000000000000043,0.040000000000000036,0.21999999999999975,0.07000000000000028,0.3799999999999999,0.33999999999999986,0.1900000000000004,0.07000000000000028,0.11000000000000032,0.040000000000000036
giraffe,47.06,47.06,48.91999816894531,-0.44000000000000483,-0.5600000000000023,-3.469999999999999,-0.5600000000000023,-0.38000000000000256,-0.7899999999999991,-1.480000000000004,-0.8300000000000054,-1.5700000000000003,-1.8200000000000003,-0.4000000000000057,-3.219999999999999,-1.3100000000000023,-2.510000000000005,-2.4299999999999997,-2.1099999999999994,-1.5600000000000023,-2.0700000000000003,-1.5,-0.9100000000000037
grass,52.26,52.26,50.45000076293945,-0.22999999999999687,-0.5,-0.4299999999999997,-0.21999999999999886,0.6799999999999997,0.39000000000000057,0.7899999999999991,0.17999999999999972,0.6900000000000048,-0.4799999999999969,-0.6599999999999966,0.3200000000000003,-0.6000000000000014,-0.3200000000000003,-0.3399999999999963,-0.25,-0.00999999999999801,-0.25,-0.259999999999998,-0.4899999999999949
gravel,1.28,1.28,14.65999984741211,0.9400000000000002,-0.8500000000000001,-1.01,0.06000000000000005,-0.52,-0.43000000000000005,-0.8300000000000001,-1.19,-0.74,-0.13000000000000012,-0.47,-0.33000000000000007,-1.07,-0.97,-0.31000000000000005,-0.9,-0.94,0.9000000000000001,-0.14000000000000012,-0.75
ground-other,1.62,1.62,2.8499999046325684,0.04999999999999982,0.039999999999999813,0.039999999999999813,-0.010000000000000009,-0.17000000000000015,-0.08000000000000007,-0.040000000000000036,0.009999999999999787,-0.050000000000000044,0.019999999999999796,0.04999999999999982,-0.040000000000000036,0.039999999999999813,0.05999999999999983,0.05999999999999983,0.07999999999999985,-0.050000000000000044,-0.050000000000000044,-0.040000000000000036,0.019999999999999796
hair drier,0.0,0.0,1.940000057220459,0.0,0.0,0.0,0.0,0.0,0.0,0.0,0.0,0.0,0.0,0.0,0.0,0.0,0.0,0.0,0.0,0.0,0.0,0.0,0.0
handbag,0.21,0.21,11.5,0.0,-0.009999999999999981,-0.009999999999999981,-0.03,-0.01999999999999999,-0.009999999999999981,-0.009999999999999981,0.0,-0.009999999999999981,-0.03,0.0,-0.03,0.0,-0.009999999999999981,0.0,0.0,-0.04999999999999999,-0.03,-0.01999999999999999,0.0
hill,0.36,0.36,7.369999885559082,0.04999999999999999,0.19000000000000006,-0.10999999999999999,-0.04999999999999999,0.020000000000000018,0.0,0.0,-0.06,-0.10999999999999999,0.07,0.06,-0.02999999999999997,0.14,-0.13999999999999999,0.010000000000000009,0.040000000000000036,0.0,0.0,-0.010000000000000009,-0.03999999999999998
horse,50.83,50.83,61.0,0.060000000000002274,-0.1700000000000017,-0.04999999999999716,0.020000000000003126,-1.0700000000000003,-0.9399999999999977,-0.6400000000000006,-0.030000000000001137,-1.0499999999999972,-0.01999999999999602,-0.6000000000000014,-0.4299999999999997,-0.17999999999999972,-0.03999999999999915,-0.5599999999999952,-0.46999999999999886,-0.6099999999999994,-0.3500000000000014,-0.7399999999999949,0.03999999999999915
hot dog,0.0,0.0,34.36000061035156,0.0,0.0,0.0,0.0,0.0,0.0,0.0,0.0,0.0,0.0,0.0,0.0,0.0,0.0,0.0,0.0,0.0,0.0,0.0,0.0
house,13.47,13.47,11.329999923706055,-0.14000000000000057,-0.19000000000000128,-0.040000000000000924,0.06999999999999851,0.2599999999999998,-0.08000000000000007,-0.0600000000000005,-0.2900000000000009,-0.030000000000001137,0.08000000000000007,0.019999999999999574,0.28999999999999915,-0.030000000000001137,0.02999999999999936,0.16000000000000014,0.1899999999999995,0.129999999999999,0.129999999999999,0.16999999999999993,0.25
keyboard,42.65,42.65,44.97999954223633,0.6400000000000006,0.8999999999999986,0.730000000000004,-0.4200000000000017,-0.6899999999999977,0.3100000000000023,-0.0899999999999963,-0.6799999999999997,-0.8799999999999955,-0.36999999999999744,0.8000000000000043,1.2199999999999989,0.4200000000000017,0.35999999999999943,0.6400000000000006,0.5600000000000023,0.8400000000000034,0.6700000000000017,0.28999999999999915,1.009999999999998
kite,35.67,35.67,30.93000030517578,-0.5500000000000043,-0.6000000000000014,0.0899999999999963,-0.14000000000000057,0.1599999999999966,0.29999999999999716,0.3200000000000003,-0.5600000000000023,0.7399999999999949,1.009999999999998,0.12999999999999545,-0.5500000000000043,0.39000000000000057,0.3299999999999983,-0.23000000000000398,-0.2700000000000031,0.1700000000000017,0.19999999999999574,0.28000000000000114,-0.12000000000000455
knife,0.0,0.0,6.739999771118164,0.0,0.0,0.0,0.0,0.0,0.0,0.0,0.0,0.0,0.0,0.0,0.0,0.0,0.0,0.0,0.0,0.0,0.0,0.0,0.0
laptop,41.61,41.61,44.70000076293945,1.230000000000004,0.8200000000000003,0.9399999999999977,0.259999999999998,-1.240000000000002,-0.3100000000000023,-0.8800000000000026,-1.9699999999999989,-1.519999999999996,-1.009999999999998,0.6799999999999997,0.6899999999999977,0.240000000000002,0.00999999999999801,0.07000000000000028,0.5300000000000011,0.7100000000000009,0.060000000000002274,-0.1700000000000017,0.13000000000000256
leaves,0.0,0.0,8.859999656677246,0.0,0.0,0.0,0.0,0.0,0.0,0.0,0.0,0.0,0.0,0.0,0.0,0.0,0.0,0.0,0.0,0.0,0.0,0.0,0.0
light,2.58,2.58,3.900000095367431,-0.06000000000000005,-0.08000000000000007,0.040000000000000036,-0.10999999999999988,-0.18999999999999995,-0.18999999999999995,-0.18000000000000016,0.10000000000000009,-0.16999999999999993,-0.10999999999999988,-0.06000000000000005,-0.040000000000000036,-0.03000000000000025,0.04999999999999982,0.1200000000000001,0.1499999999999999,0.040000000000000036,0.029999999999999805,-0.10000000000000009,-0.010000000000000231
mat,0.0,0.0,0.5600000023841858,0.0,0.0,0.0,0.0,0.0,0.0,0.0,0.0,0.0,0.0,0.0,0.0,0.0,0.0,0.0,0.0,0.0,0.0,0.0,0.0
metal,5.47,5.47,3.950000047683716,0.03000000000000025,0.15000000000000036,0.03000000000000025,0.2600000000000007,-0.019999999999999574,-0.08999999999999986,-0.14999999999999947,0.14000000000000057,0.0,0.14000000000000057,0.07000000000000028,0.3100000000000005,0.08000000000000007,0.20999999999999996,0.20999999999999996,0.2999999999999998,0.22000000000000064,0.16999999999999993,0.11000000000000032,0.4800000000000004
microwave,22.54,22.54,26.219999313354492,0.6099999999999994,-0.5799999999999983,-0.5700000000000003,0.120000000000001,-1.7300000000000004,-1.3999999999999986,-0.8200000000000003,0.33000000000000185,-0.9600000000000009,1.1500000000000021,-0.5199999999999996,-2.7799999999999976,-0.6600000000000001,-1.7699999999999996,-0.3200000000000003,-0.5999999999999979,-1.2300000000000004,-1.0599999999999987,-1.7300000000000004,0.38000000000000256
mirror-stuff,14.23,14.23,13.840000152587892,-0.4400000000000013,-0.14000000000000057,0.03999999999999915,-0.3600000000000012,-0.07000000000000028,-0.040000000000000924,-0.17999999999999972,-0.9299999999999997,0.009999999999999787,-0.4800000000000004,-0.46000000000000085,0.15000000000000036,-0.6500000000000004,-0.3200000000000003,-0.08999999999999986,0.019999999999999574,-0.3800000000000008,-0.08000000000000007,-0.22000000000000064,0.08000000000000007
moss,0.0,0.0,0.0,0.0,0.0,0.0,0.0,0.0,0.0,0.0,0.0,0.0,0.0,0.0,0.0,0.0,0.0,0.0,0.0,0.0,0.0,0.0,0.0
motorcycle,61.3,61.3,66.37000274658203,-0.3999999999999986,-0.1699999999999946,0.20000000000000284,0.3400000000000034,-0.39000000000000057,-0.46999999999999886,-0.07000000000000028,0.45000000000000284,-0.35999999999999943,0.4100000000000037,0.5100000000000051,-0.17999999999999972,0.8200000000000003,0.3500000000000014,0.5500000000000043,0.7600000000000051,0.5200000000000031,0.2700000000000031,0.46000000000000085,0.21000000000000085
mountain,40.92,40.91,38.099998474121094,1.1499999999999986,0.3200000000000003,0.10000000000000142,1.019999999999996,1.5700000000000003,1.3200000000000003,1.4099999999999966,0.8299999999999983,1.1799999999999997,0.259999999999998,1.2000000000000028,1.1300000000000026,1.1800000000000068,1.3700000000000045,1.6900000000000048,1.5400000000000063,1.3800000000000026,1.3500000000000014,0.9500000000000028,1.3500000000000014
mouse,38.83,38.83,21.739999771118164,0.9699999999999989,0.6799999999999997,0.8800000000000026,1.3299999999999983,3.3500000000000014,4.579999999999998,5.539999999999999,1.7000000000000028,3.6700000000000017,2.200000000000003,0.12000000000000455,-0.05999999999999517,0.5300000000000011,-0.7299999999999969,0.8900000000000006,0.9600000000000009,2.1099999999999994,0.8500000000000014,2.1200000000000045,-0.6899999999999977
mud,0.0,0.0,0.4399999976158142,0.0,0.0,0.0,0.0,0.0,0.0,0.0,0.0,0.0,0.0,0.0,0.0,0.0,0.0,0.0,0.0,0.0,0.0,0.0,0.0
napkin,0.0,0.0,9.510000228881836,0.0,0.0,0.0,0.0,0.0,0.0,0.0,0.0,0.0,0.0,0.0,0.0,0.0,0.0,0.0,0.0,0.0,0.0,0.0,0.0
net,2.98,2.98,9.779999732971191,0.3500000000000001,0.10999999999999988,0.26000000000000023,0.1200000000000001,0.22999999999999998,0.2999999999999998,0.1499999999999999,0.06999999999999984,0.1200000000000001,0.29000000000000004,0.020000000000000018,0.31000000000000005,0.0,0.1299999999999999,0.20999999999999996,0.18000000000000016,0.26000000000000023,0.2200000000000002,0.1499999999999999,0.20999999999999996
orange,0.0,0.0,24.549999237060547,0.0,0.0,0.0,0.0,0.0,0.0,0.0,0.0,0.0,0.0,0.0,0.0,0.0,0.0,0.0,0.0,0.0,0.0,0.0,0.0
oven,31.75,31.75,23.799999237060547,-0.17999999999999972,-0.16000000000000014,-0.46000000000000085,-0.3099999999999987,0.3500000000000014,0.10999999999999943,0.019999999999999574,-0.21999999999999886,-0.0799999999999983,-0.23000000000000043,-0.3200000000000003,-0.07000000000000028,-0.3500000000000014,-0.1999999999999993,-0.21999999999999886,-0.21999999999999886,-0.21000000000000085,-0.1999999999999993,-0.3099999999999987,-0.23999999999999844
paper,0.69,0.69,13.359999656677246,-0.029999999999999916,-0.04999999999999993,-0.029999999999999916,-0.039999999999999925,-0.029999999999999916,-0.029999999999999916,-0.039999999999999925,-0.039999999999999925,-0.029999999999999916,-0.029999999999999916,-0.019999999999999907,-0.029999999999999916,-0.019999999999999907,-0.019999999999999907,-0.029999999999999916,-0.029999999999999916,-0.039999999999999925,-0.029999999999999916,-0.019999999999999907,-0.05999999999999994
parking meter,10.04,10.04,24.940000534057617,-3.009999999999999,-3.969999999999999,-2.8599999999999994,-1.1099999999999994,-3.969999999999999,-4.4799999999999995,-5.259999999999999,-1.9899999999999984,-5.029999999999999,-2.0699999999999994,-1.1899999999999995,-1.0699999999999985,-1.049999999999999,-0.9599999999999991,-0.7899999999999991,-1.299999999999999,-3.369999999999999,-2.329999999999999,-2.4399999999999995,-2.799999999999999
pavement,32.84,32.84,32.540000915527344,0.17999999999999972,0.00999999999999801,0.00999999999999801,0.09999999999999432,0.17999999999999972,0.22999999999999687,0.18999999999999773,0.0899999999999963,0.11999999999999744,0.22999999999999687,0.11999999999999744,0.00999999999999801,0.19999999999999574,-0.020000000000003126,-0.030000000000001137,-0.07000000000000028,-0.030000000000001137,0.11999999999999744,0.09999999999999432,-0.07000000000000028
person,16.32,16.32,12.75,-0.16000000000000014,-0.3099999999999987,-0.25,-0.08999999999999986,-0.05999999999999872,-0.10999999999999943,0.030000000000001137,-0.129999999999999,-0.019999999999999574,-0.05999999999999872,0.16999999999999815,-0.35999999999999943,0.1999999999999993,0.0,-0.120000000000001,-0.14000000000000057,-0.120000000000001,-0.21999999999999886,-0.16000000000000014,0.019999999999999574
pillow,0.06,0.06,4.789999961853027,0.09,0.07,0.1,0.07,0.07,0.08000000000000002,0.06,0.2,0.07,0.15,0.24,0.13,0.19,0.13,0.1,0.12,0.13,-0.009999999999999995,0.26,0.16
pizza,10.83,10.83,45.720001220703125,0.16000000000000014,0.5399999999999991,0.5099999999999998,-0.22000000000000064,-0.3699999999999992,0.08999999999999986,-0.4900000000000002,-0.23000000000000043,-0.41999999999999993,0.20999999999999908,0.15000000000000036,-0.08999999999999986,-0.3000000000000007,-0.7699999999999996,-0.02999999999999936,-0.16000000000000014,-0.6099999999999994,-0.5500000000000007,-0.8900000000000006,0.4599999999999991
plant-other,12.52,12.52,4.909999847412109,-0.5099999999999998,-0.9599999999999991,0.45000000000000107,-0.8300000000000001,-0.8099999999999987,-0.1999999999999993,0.16000000000000014,0.75,-0.17999999999999972,-1.08,-1.1799999999999997,-0.5700000000000003,-0.8599999999999994,-0.4599999999999991,-1.25,-1.5,-1.5199999999999996,-0.9800000000000004,-0.9599999999999991,-0.4800000000000004
plastic,1.7,1.7,4.570000171661377,0.3800000000000001,-0.43999999999999995,0.020000000000000018,-0.28,0.1200000000000001,-0.31000000000000005,0.06000000000000005,-0.020000000000000018,-0.20999999999999996,0.15000000000000013,0.29000000000000004,-0.10999999999999988,0.17999999999999994,0.1100000000000001,0.5999999999999999,0.44000000000000017,0.51,0.51,0.53,-0.19999999999999996
platform,0.35,0.35,5.289999961853027,-0.12999999999999998,-0.10999999999999999,0.07,0.15000000000000002,-0.009999999999999953,-0.019999999999999962,0.09000000000000002,-0.31999999999999995,0.13,-0.33999999999999997,0.10000000000000003,-0.10999999999999999,0.13,-0.009999999999999953,-0.16999999999999998,0.08000000000000002,-0.06999999999999995,0.32000000000000006,0.21000000000000008,0.22999999999999998
playingfield,1.56,1.56,0.1899999976158142,0.07999999999999985,0.06000000000000005,-0.010000000000000009,0.020000000000000018,-0.020000000000000018,-0.040000000000000036,-0.020000000000000018,-0.050000000000000044,-0.030000000000000027,0.06000000000000005,0.06000000000000005,-0.030000000000000027,0.040000000000000036,-0.010000000000000009,0.030000000000000027,0.020000000000000018,-0.010000000000000009,0.0,0.010000000000000009,0.050000000000000044
potted plant,2.09,2.09,10.579999923706055,0.10000000000000009,0.10000000000000009,0.22999999999999998,0.15000000000000036,0.31000000000000005,0.28000000000000025,0.20999999999999996,0.020000000000000018,0.2400000000000002,0.15000000000000036,0.2400000000000002,0.11000000000000032,0.10000000000000009,0.16000000000000014,0.18000000000000016,0.15000000000000036,0.13000000000000034,0.14000000000000012,0.29000000000000004,0.0
railing,0.42,0.42,4.989999771118164,0.26000000000000006,0.8600000000000001,-0.42,0.38000000000000006,-0.24,-0.010000000000000009,0.19,0.33,0.21000000000000002,-0.35,0.8400000000000001,0.6800000000000002,0.6300000000000001,1.7800000000000002,0.44,0.5900000000000001,0.14999999999999997,-0.03999999999999998,0.43,0.08000000000000002
railroad,37.55,37.55,39.060001373291016,0.5100000000000051,0.3200000000000003,0.1700000000000017,0.5100000000000051,0.5800000000000054,0.37000000000000455,0.6400000000000006,-0.3399999999999963,0.6000000000000014,0.240000000000002,0.22000000000000597,0.12000000000000455,-0.05999999999999517,0.3500000000000014,-0.10999999999999943,-0.259999999999998,-0.6499999999999986,0.480000000000004,-0.46999999999999886,-0.259999999999998
refrigerator,24.73,24.73,48.970001220703125,0.00999999999999801,0.8499999999999979,-0.030000000000001137,0.6400000000000006,1.2800000000000011,1.0599999999999987,1.3099999999999987,0.7699999999999996,1.0300000000000011,0.4800000000000004,0.3000000000000007,0.8099999999999987,0.33999999999999986,0.8000000000000007,0.5899999999999999,0.4299999999999997,0.7800000000000011,0.8000000000000007,0.35999999999999943,1.2399999999999984
remote,5.05,5.05,13.689999580383299,1.0300000000000002,0.79,1.5200000000000005,1.1500000000000004,2.76,3.2700000000000005,3.0699999999999994,2.66,2.3200000000000003,1.9800000000000004,1.25,1.3900000000000006,0.8200000000000003,0.5200000000000005,1.2199999999999998,1.2199999999999998,2.38,1.13,2.5700000000000003,0.6400000000000006
river,56.14,56.14,43.459999084472656,1.1000000000000014,1.0600000000000023,3.5,2.1899999999999977,1.9099999999999966,1.7299999999999969,2.8399999999999963,3.3599999999999994,2.519999999999996,1.3599999999999994,0.5399999999999991,2.4299999999999997,0.6700000000000017,0.8900000000000006,0.759999999999998,0.8800000000000026,0.6799999999999997,0.3299999999999983,0.46000000000000085,1.5300000000000011
road,32.11,32.11,31.979999542236325,-0.129999999999999,-0.14000000000000057,-0.16999999999999815,0.03999999999999915,-0.21999999999999886,-0.129999999999999,-0.129999999999999,0.07000000000000028,-0.16999999999999815,0.0,0.0799999999999983,-0.14999999999999858,0.03999999999999915,0.07000000000000028,0.11999999999999744,0.18999999999999773,0.030000000000001137,-0.16999999999999815,-0.030000000000001137,-0.129999999999999
rock,38.35,38.35,31.969999313354492,0.36999999999999744,0.6199999999999974,0.509999999999998,0.4299999999999997,0.10999999999999943,0.17999999999999972,0.37999999999999545,0.6899999999999977,0.3500000000000014,0.3500000000000014,0.5599999999999952,0.6000000000000014,0.6499999999999986,0.3999999999999986,0.6000000000000014,0.6099999999999994,0.509999999999998,0.1599999999999966,0.3299999999999983,0.3999999999999986
roof,11.88,11.88,4.800000190734863,0.5399999999999991,0.629999999999999,-0.16999999999999993,-0.030000000000001137,0.3999999999999986,0.25,-0.22000000000000064,0.629999999999999,-0.3800000000000008,-0.030000000000001137,0.46999999999999886,0.5099999999999998,0.4299999999999997,0.1899999999999995,0.40999999999999837,0.4399999999999995,0.09999999999999964,0.06999999999999851,0.33999999999999986,0.34999999999999964
rug,2.25,2.25,17.3799991607666,-0.30000000000000004,-0.94,-0.28,-0.41999999999999993,-0.45999999999999996,-0.52,-0.42999999999999994,-0.44999999999999996,-0.45999999999999996,-0.72,-0.18999999999999995,-0.10999999999999988,-0.8300000000000001,-0.54,-0.4099999999999999,-0.5900000000000001,-0.81,-0.6200000000000001,-0.54,-0.42999999999999994
salad,0.0,0.0,10.460000038146973,0.0,0.0,0.0,0.0,0.0,0.0,0.0,0.0,0.0,0.0,0.0,0.0,0.0,0.0,0.0,0.0,0.0,0.0,0.0,0.0
sand,36.18,36.18,44.619998931884766,-1.2000000000000028,-4.669999999999998,-4.949999999999999,-3.509999999999998,-3.490000000000002,-3.509999999999998,-5.350000000000001,-5.759999999999998,-3.960000000000001,-2.280000000000001,-2.8699999999999974,-5.149999999999999,-5.48,-5.43,-4.34,-4.739999999999998,-3.0799999999999983,-0.8699999999999974,-4.030000000000001,-0.6599999999999966
sandwich,0.0,0.0,14.729999542236328,0.0,0.0,0.0,0.0,0.0,0.0,0.0,0.0,0.0,0.0,0.0,0.0,0.0,0.0,0.0,0.0,0.0,0.0,0.0,0.0
scissors,0.0,0.0,48.77000045776367,0.0,0.0,0.0,0.0,0.0,0.0,0.0,0.0,0.0,0.0,0.0,0.0,0.0,0.0,0.0,0.0,0.0,0.0,0.0,0.0
sea,42.98,42.98,50.610000610351555,0.4000000000000057,-0.1599999999999966,-1.259999999999998,0.30000000000000426,0.07000000000000028,0.11000000000000654,-0.0799999999999983,0.010000000000005116,0.1700000000000017,-1.1799999999999997,-0.6899999999999977,-0.519999999999996,-0.769999999999996,-0.4399999999999977,-0.5399999999999991,-0.6599999999999966,-0.35999999999999943,0.020000000000003126,-0.519999999999996,-0.04999999999999716
sheep,51.04,51.04,73.12000274658203,2.020000000000003,1.0500000000000043,1.2000000000000028,1.3100000000000023,1.6400000000000006,1.9600000000000009,1.9200000000000017,0.30000000000000426,1.6899999999999977,1.7000000000000028,0.5799999999999983,0.09000000000000341,1.4399999999999977,0.730000000000004,1.3999999999999986,1.6499999999999986,0.7700000000000031,0.8999999999999986,0.5900000000000034,0.509999999999998
shelf,33.33,33.33,14.510000228881836,-0.17999999999999972,0.03999999999999915,-0.25,-0.37999999999999545,-0.8200000000000003,-0.8900000000000006,-0.46999999999999886,0.7000000000000028,-0.4099999999999966,-0.0799999999999983,0.4299999999999997,0.21999999999999886,0.9500000000000028,0.39000000000000057,0.20000000000000284,0.14000000000000057,1.1799999999999997,-0.14999999999999858,0.4100000000000037,-0.17999999999999972
sink,20.98,20.98,31.479999542236325,-0.28999999999999915,0.8099999999999987,0.08999999999999986,1.0199999999999996,0.4499999999999993,0.5599999999999987,0.6999999999999993,0.21000000000000085,1.1999999999999993,0.8200000000000003,0.5999999999999979,0.5799999999999983,0.9499999999999993,1.0700000000000003,0.6999999999999993,0.879999999999999,1.1699999999999982,1.0,0.8399999999999999,1.2300000000000004
skateboard,13.91,13.91,19.600000381469727,0.009999999999999787,-4.18,-0.5999999999999996,3.0,-2.5700000000000003,-3.25,-3.08,-0.6600000000000001,-0.7300000000000004,-2.2300000000000004,-2.1099999999999994,-1.9299999999999997,-1.2699999999999996,-0.41999999999999993,-4.0,-5.24,-4.8100000000000005,-1.3399999999999999,-2.8200000000000003,-2.8100000000000005
skis,11.57,11.57,9.930000305175781,0.3200000000000003,-0.019999999999999574,0.11999999999999922,0.08999999999999986,0.29999999999999893,0.5999999999999996,0.6999999999999993,0.019999999999999574,0.7699999999999996,0.5,0.46999999999999886,0.11999999999999922,0.08999999999999986,0.15000000000000036,-0.09999999999999964,0.03999999999999915,0.009999999999999787,0.09999999999999964,0.40000000000000036,0.049999999999998934
sky-other,51.06,51.06,48.04999923706055,0.0799999999999983,0.00999999999999801,-0.28000000000000114,-0.5100000000000051,-0.21999999999999886,-0.28000000000000114,-0.46999999999999886,-0.09000000000000341,-0.5500000000000043,0.14000000000000057,0.10999999999999943,0.1699999999999946,-0.030000000000001137,-0.19000000000000483,0.1699999999999946,0.12999999999999545,-0.05000000000000426,0.030000000000001137,0.14999999999999858,-0.15000000000000568
skyscraper,12.58,12.58,21.549999237060547,0.03999999999999915,0.39000000000000057,0.08999999999999986,0.07000000000000028,-0.2699999999999996,-0.41000000000000014,-0.02999999999999936,-0.22000000000000064,-0.040000000000000924,-0.46000000000000085,0.15000000000000036,0.20999999999999908,0.23000000000000043,0.4599999999999991,0.0,-0.05000000000000071,-0.3100000000000005,0.09999999999999964,0.03999999999999915,-0.07000000000000028
snow,58.19,58.19,71.6500015258789,-0.01999999999999602,-0.37999999999999545,0.0800000000000054,-0.01999999999999602,0.0,-0.07000000000000028,-0.0799999999999983,0.3300000000000054,-0.4799999999999969,0.10000000000000142,-0.1599999999999966,0.1600000000000037,-0.44999999999999574,0.17999999999999972,0.1600000000000037,0.240000000000002,0.28000000000000114,0.4000000000000057,0.37000000000000455,0.2700000000000031
snowboard,0.01,0.01,16.40999984741211,-0.01,0.0,0.019999999999999997,0.0,-0.01,-0.01,-0.01,0.0,0.0,-0.01,-0.01,0.0,-0.01,0.0,-0.01,-0.01,-0.01,-0.01,-0.01,-0.01
solid-other,1.65,1.65,0.09000000357627869,-0.07999999999999985,-0.17999999999999994,-0.1499999999999999,-0.17999999999999994,-0.1399999999999999,-0.06999999999999984,-0.18999999999999995,-0.10999999999999988,-0.08999999999999986,0.020000000000000018,0.010000000000000009,-0.1299999999999999,0.020000000000000018,-0.15999999999999992,0.030000000000000027,0.040000000000000036,-0.06999999999999984,-0.05999999999999983,0.050000000000000044,-0.05999999999999983
spoon,60.52,60.52,18.270000457763672,-0.3400000000000034,0.28999999999999915,0.269999999999996,0.5599999999999952,0.9899999999999949,0.259999999999998,0.9199999999999946,0.8999999999999986,0.12999999999999545,-0.07000000000000028,-0.30000000000000426,0.18999999999999773,-0.46000000000000085,0.4799999999999969,0.38999999999999346,0.27999999999999403,0.19999999999999574,0.6199999999999974,0.38999999999999346,0.07000000000000028
sports ball,1.05,1.05,2.450000047683716,0.11999999999999988,0.0,0.10999999999999988,0.0,0.09999999999999987,0.07999999999999985,-0.010000000000000009,0.1299999999999999,-0.030000000000000027,-0.010000000000000009,0.020000000000000018,0.07000000000000006,-0.010000000000000009,0.06000000000000005,0.07000000000000006,0.11999999999999988,0.09999999999999987,0.040000000000000036,0.06000000000000005,0.040000000000000036
stairs,0.0,0.0,11.819999694824219,0.0,0.0,0.0,0.0,0.0,0.0,0.0,0.0,0.0,0.0,0.0,0.0,0.0,0.0,0.0,0.0,0.0,0.0,0.0,0.0
stone,37.47,37.47,6.820000171661376,0.35999999999999943,0.5500000000000043,0.6899999999999977,0.20000000000000284,-0.17999999999999972,-0.0799999999999983,0.509999999999998,0.9399999999999977,0.6400000000000006,0.6600000000000037,1.1200000000000045,-0.25,0.980000000000004,0.730000000000004,0.8100000000000023,0.8000000000000043,0.6000000000000014,-0.29999999999999716,0.3999999999999986,0.4299999999999997
stop sign,12.5,12.5,64.16999816894531,-0.5500000000000007,-0.7599999999999998,0.14000000000000057,0.009999999999999787,-0.8200000000000003,-0.6799999999999997,-1.1999999999999993,-0.16999999999999993,-0.7599999999999998,-0.7200000000000006,-0.2400000000000002,0.15000000000000036,0.5099999999999998,0.3200000000000003,-0.6999999999999993,-0.7699999999999996,-0.7100000000000009,-0.7300000000000004,-0.5600000000000005,-0.5899999999999999
straw,0.01,0.01,15.140000343322754,0.01,0.0,0.0,0.0,-0.01,0.0,-0.01,-0.01,0.0,0.01,0.01,0.0,-0.01,0.01,0.019999999999999997,0.019999999999999997,0.0,0.03,0.0,0.0
structural-other,0.0,0.0,0.10999999940395355,0.0,0.0,0.0,0.0,0.0,0.0,0.0,0.0,0.0,0.0,0.0,0.0,0.0,0.0,0.0,0.0,0.0,0.0,0.0,0.0
suitcase,55.48,55.48,45.709999084472656,0.09000000000000341,0.36000000000000654,-0.4099999999999966,-0.4799999999999969,-0.46999999999999886,0.13000000000000256,0.030000000000001137,0.020000000000003126,-0.1699999999999946,-0.6099999999999994,0.75,-0.6299999999999955,0.23000000000000398,0.07000000000000028,0.25,0.29000000000000625,-0.4399999999999977,0.3400000000000034,-0.03999999999999915,-0.37999999999999545
surfboard,27.67,27.67,28.69000053405762,0.7999999999999972,0.8599999999999994,1.5199999999999996,1.3599999999999994,0.9399999999999977,1.8699999999999974,1.8399999999999999,1.5399999999999991,1.6199999999999974,0.5499999999999972,0.3299999999999983,0.5499999999999972,0.41999999999999815,0.6499999999999986,0.6999999999999993,0.5899999999999999,0.33999999999999986,0.7099999999999973,0.7399999999999984,0.5299999999999976
table,15.44,15.44,7.119999885559082,0.05000000000000071,-0.05999999999999872,-0.02999999999999936,0.0600000000000005,0.25,0.5400000000000009,0.6100000000000012,0.13000000000000078,0.4400000000000013,0.39000000000000057,0.0600000000000005,-0.08999999999999986,-0.019999999999999574,-0.019999999999999574,-0.09999999999999964,-0.03999999999999915,0.08000000000000007,0.009999999999999787,0.13000000000000078,0.40000000000000036
teddy bear,0.59,0.59,61.849998474121094,-0.09999999999999998,0.19000000000000006,-0.039999999999999925,-0.020000000000000018,0.15000000000000002,0.09000000000000008,0.050000000000000044,-0.010000000000000009,0.030000000000000027,-0.09999999999999998,0.010000000000000009,0.040000000000000036,0.13,0.31000000000000005,0.15000000000000002,0.13,0.06000000000000005,0.15000000000000002,0.10999999999999999,-0.039999999999999925
tennis racket,4.22,4.22,7.5,-0.009999999999999787,0.020000000000000462,0.14000000000000057,0.020000000000000462,0.10000000000000053,0.020000000000000462,0.0600000000000005,0.1800000000000006,0.0600000000000005,0.16999999999999993,-0.040000000000000036,0.33000000000000007,0.03000000000000025,0.1200000000000001,0.04999999999999982,0.040000000000000036,0.04999999999999982,0.0,0.08999999999999986,0.020000000000000462
tent,22.95,22.95,5.739999771118164,-0.07000000000000028,0.030000000000001137,0.21000000000000085,-0.41999999999999815,-0.019999999999999574,-0.08999999999999986,-0.7199999999999989,-0.23999999999999844,-0.2699999999999996,-0.35999999999999943,-0.05000000000000071,-0.029999999999997584,0.030000000000001137,0.08000000000000185,0.21000000000000085,0.22000000000000242,0.08999999999999986,-0.14000000000000057,-0.05000000000000071,-0.00999999999999801
textile-other,2.11,2.11,3.9600000381469727,-0.5099999999999998,0.3200000000000003,-0.2599999999999998,-0.43999999999999995,-0.3699999999999999,-0.4099999999999999,-0.08000000000000007,-0.48999999999999977,0.25,-0.7399999999999998,-0.3899999999999999,-0.5999999999999999,-0.3599999999999999,-0.3699999999999999,0.03000000000000025,0.050000000000000266,-0.10000000000000009,0.25,-0.20999999999999996,-0.04999999999999982
tie,1.37,1.37,0.9700000286102295,0.019999999999999796,0.019999999999999796,0.019999999999999796,0.029999999999999805,-0.010000000000000009,-0.010000000000000009,0.009999999999999787,0.019999999999999796,0.009999999999999787,0.0,-0.010000000000000009,0.009999999999999787,-0.020000000000000018,0.009999999999999787,0.009999999999999787,0.009999999999999787,0.009999999999999787,0.019999999999999796,0.0,-0.030000000000000027
toaster,0.0,0.0,17.649999618530273,0.0,0.0,0.0,0.0,0.0,0.0,0.0,0.0,0.0,0.0,0.0,0.0,0.0,0.0,0.0,0.0,0.0,0.0,0.0,0.0
toilet,33.54,33.54,31.399999618530273,-0.28000000000000114,-0.5399999999999991,-0.6199999999999974,-0.10000000000000142,0.1700000000000017,-0.509999999999998,-0.5799999999999983,-0.240000000000002,-0.18999999999999773,-0.0799999999999983,-1.1700000000000017,-0.509999999999998,-1.240000000000002,-1.1000000000000014,-0.36999999999999744,-0.25,-0.8699999999999974,-0.6700000000000017,-1.0899999999999963,0.5200000000000031
toothbrush,0.0,0.0,23.950000762939453,0.0,0.0,0.0,0.0,0.0,0.0,0.0,0.0,0.0,0.0,0.0,0.0,0.0,0.0,0.0,0.0,0.0,0.0,0.0,0.0
towel,28.76,28.76,9.699999809265137,0.10999999999999943,-0.4200000000000017,-0.43000000000000327,-0.20000000000000284,-0.1700000000000017,0.2799999999999976,0.22999999999999687,-0.2700000000000031,0.21999999999999886,-0.14000000000000057,-0.4800000000000004,-0.5600000000000023,-0.08000000000000185,-0.39000000000000057,-0.40000000000000213,-0.3200000000000003,-0.3200000000000003,-0.490000000000002,0.06999999999999673,-0.4800000000000004
traffic light,23.6,23.6,20.040000915527344,-1.0200000000000031,1.5299999999999976,-1.3100000000000023,-1.110000000000003,-1.1000000000000014,-0.6300000000000026,-1.25,0.13999999999999702,-1.3300000000000018,-0.6600000000000001,-0.2700000000000031,0.03999999999999915,-0.33000000000000185,0.14999999999999858,0.019999999999999574,0.00999999999999801,-0.3200000000000003,0.11999999999999744,0.17999999999999972,-0.1700000000000017
train,36.98,36.98,52.75,0.6000000000000014,0.6400000000000006,0.4100000000000037,0.46000000000000085,1.0500000000000043,0.8800000000000026,1.2600000000000051,0.5900000000000034,0.8700000000000045,0.8300000000000054,0.8100000000000023,1.0300000000000011,0.9000000000000057,0.4100000000000037,0.17999999999999972,0.29000000000000625,0.010000000000005116,0.0,0.14000000000000057,0.0800000000000054
tree,24.96,24.96,36.779998779296875,0.34999999999999787,0.5299999999999976,-0.5,-0.4299999999999997,-0.10999999999999943,0.21000000000000085,-0.030000000000001137,-0.28999999999999915,-0.060000000000002274,-0.23000000000000043,0.08999999999999986,0.39000000000000057,-0.120000000000001,0.05999999999999872,0.14999999999999858,0.17999999999999972,0.35999999999999943,0.36999999999999744,0.2699999999999996,0.10999999999999943
truck,18.72,18.72,35.849998474121094,0.370000000000001,0.4800000000000004,-0.4599999999999973,0.25,0.26000000000000156,0.6000000000000014,0.15000000000000213,0.5500000000000007,0.14000000000000057,0.120000000000001,0.6400000000000006,0.8399999999999999,0.5100000000000016,0.5199999999999996,0.060000000000002274,0.0,0.4299999999999997,0.45000000000000284,0.28000000000000114,0.3500000000000014
tv,16.0,16.0,29.34000015258789,-0.03999999999999915,0.010000000000001563,-0.07000000000000028,0.14999999999999858,-0.09999999999999964,-0.13000000000000078,-0.2400000000000002,0.14999999999999858,-0.22000000000000064,0.129999999999999,0.07000000000000028,0.21999999999999886,-0.02999999999999936,0.14000000000000057,0.19000000000000128,0.28999999999999915,0.030000000000001137,0.07000000000000028,0.0,0.4299999999999997
umbrella,39.18,39.18,35.22999954223633,1.0399999999999991,1.3299999999999983,0.7700000000000031,0.75,-0.0799999999999983,0.45000000000000284,-0.240000000000002,-0.39000000000000057,0.3500000000000014,0.6300000000000026,1.1199999999999974,0.7299999999999969,0.5900000000000034,0.7700000000000031,1.4699999999999989,1.2000000000000028,1.25,0.75,1.3999999999999986,0.8299999999999983
vase,58.25,58.25,29.760000228881832,0.759999999999998,1.0,0.6400000000000006,1.259999999999998,1.1400000000000006,0.759999999999998,1.740000000000002,0.4399999999999977,1.9699999999999989,0.45000000000000284,0.990000000000002,1.5499999999999972,1.509999999999998,1.5700000000000003,-0.11999999999999744,-0.4299999999999997,1.2199999999999989,1.5399999999999991,2.299999999999997,0.6199999999999974
vegetable,26.45,26.45,14.489999771118164,-0.9299999999999997,-0.9699999999999989,-0.629999999999999,-1.3200000000000003,-0.8900000000000006,-0.620000000000001,-0.18999999999999773,0.060000000000002274,-0.16000000000000014,-0.9100000000000001,-0.8399999999999999,-1.2699999999999996,-0.4800000000000004,0.0,-0.6600000000000001,-0.9199999999999982,-0.8499999999999979,-0.5399999999999991,0.19000000000000128,-0.34999999999999787
wall-brick,43.52,43.53,30.3799991607666,-0.5700000000000003,-0.2700000000000031,-0.8000000000000043,-0.8900000000000006,-1.1900000000000048,-1.1500000000000057,-1.0400000000000063,0.04999999999999716,-1.0300000000000011,-0.5300000000000011,-0.3400000000000034,-0.3500000000000014,-0.5500000000000043,-0.09000000000000341,-0.46999999999999886,-0.3500000000000014,-0.5500000000000043,-0.980000000000004,-0.6799999999999997,-0.6700000000000017
wall-concrete,2.65,2.65,3.3599998950958248,-0.04999999999999982,-0.06999999999999984,0.08000000000000007,-0.3900000000000001,-0.3999999999999999,-0.20999999999999996,-0.3900000000000001,0.1200000000000001,-0.31999999999999984,-0.48,-0.14000000000000012,-0.17999999999999972,-0.1599999999999997,-0.5,-0.21999999999999975,-0.1499999999999999,-0.4299999999999997,-0.3599999999999999,-0.45999999999999996,0.020000000000000018
wall-other,2.26,2.26,6.349999904632568,0.13000000000000034,0.1200000000000001,0.07000000000000028,0.03000000000000025,0.08000000000000007,0.0900000000000003,0.11000000000000032,0.040000000000000036,0.16000000000000014,0.1200000000000001,0.040000000000000036,0.050000000000000266,0.0900000000000003,0.0900000000000003,0.1200000000000001,0.11000000000000032,0.06000000000000005,0.020000000000000018,0.06000000000000005,0.10000000000000009
wall-panel,0.0,0.0,2.319999933242798,0.0,0.0,0.05,0.0,0.0,0.0,0.0,0.0,0.0,0.0,0.0,0.0,0.0,0.02,0.01,0.01,0.02,0.01,0.01,0.0
wall-stone,37.61,37.61,23.989999771118164,0.3999999999999986,-0.10000000000000142,0.46999999999999886,-0.01999999999999602,0.21000000000000085,0.020000000000003126,0.14999999999999858,0.35999999999999943,0.14999999999999858,0.2700000000000031,0.6499999999999986,-0.030000000000001137,0.6400000000000006,0.04999999999999716,0.46000000000000085,0.46000000000000085,0.3200000000000003,0.020000000000003126,-0.00999999999999801,-0.13000000000000256
wall-tile,48.82,48.82,40.5099983215332,-0.13000000000000256,-0.9200000000000017,-0.509999999999998,-0.020000000000003126,-0.030000000000001137,-0.4299999999999997,-0.46000000000000085,0.18999999999999773,-0.21999999999999886,0.030000000000001137,-1.3299999999999983,-1.0499999999999972,-1.4100000000000037,-1.8900000000000006,-1.009999999999998,-0.8800000000000026,-1.6899999999999977,-0.8900000000000006,-1.8500000000000014,0.3200000000000003
wall-wood,0.48,0.48,12.170000076293945,0.16000000000000003,0.21999999999999997,0.08000000000000007,0.030000000000000027,0.0,0.0,0.06000000000000005,0.12,0.050000000000000044,0.22999999999999998,0.06000000000000005,0.17000000000000004,0.17000000000000004,0.06000000000000005,0.08999999999999997,0.12,0.20999999999999996,0.17000000000000004,0.07000000000000006,0.06000000000000005
water-other,18.28,18.28,16.649999618530273,0.8699999999999974,1.7300000000000004,4.640000000000001,1.8999999999999986,1.5499999999999972,1.5399999999999991,2.75,3.4499999999999993,2.5599999999999987,0.8599999999999994,1.2799999999999976,3.129999999999999,1.5,1.3999999999999986,0.36999999999999744,0.5499999999999972,0.6699999999999982,0.4800000000000004,0.4499999999999993,0.8999999999999986
waterdrops,0.0,0.0,0.23999999463558194,0.0,0.0,0.0,0.0,0.0,0.0,0.0,0.0,0.0,0.0,0.0,0.0,0.0,0.0,nan,nan,0.0,0.0,0.0,0.0
window-blind,21.68,21.68,34.599998474121094,-0.5899999999999999,0.5700000000000003,-0.05999999999999872,0.05000000000000071,-0.030000000000001137,-0.5700000000000003,0.1700000000000017,-0.8999999999999986,0.4200000000000017,-0.19000000000000128,-1.7100000000000009,-0.21000000000000085,-0.2699999999999996,-0.120000000000001,0.10999999999999943,0.16000000000000014,0.23000000000000043,-0.16000000000000014,-0.3299999999999983,-0.35999999999999943
window-other,25.01,25.01,26.25,0.09999999999999787,0.5399999999999991,0.23999999999999844,0.389999999999997,0.129999999999999,0.05999999999999872,-0.030000000000001137,-0.240000000000002,0.1999999999999993,0.34999999999999787,-0.120000000000001,-0.25,0.2099999999999973,0.019999999999999574,0.029999999999997584,0.04999999999999716,0.16000000000000014,-0.19000000000000128,0.2799999999999976,-0.9300000000000033
wine glass,22.1,22.1,30.200000762939457,0.6799999999999997,-4.710000000000001,1.2199999999999989,0.5599999999999987,-4.550000000000001,-5.66,-2.5500000000000007,-0.05000000000000071,-0.7200000000000024,1.0700000000000003,0.18999999999999773,-3.7300000000000004,0.3999999999999986,-0.860000000000003,-1.1700000000000017,-1.8000000000000007,-1.5200000000000031,-6.450000000000001,-3.1900000000000013,0.639999999999997
wood,2.32,2.32,8.220000267028809,-0.020000000000000018,0.08000000000000007,-0.029999999999999805,-0.17999999999999972,0.020000000000000018,-0.020000000000000018,-0.009999999999999787,0.10000000000000009,0.0,-0.040000000000000036,0.0,-0.009999999999999787,-0.09999999999999964,-0.11999999999999966,-0.16999999999999993,-0.11999999999999966,-0.06000000000000005,-0.04999999999999982,-0.04999999999999982,-0.020000000000000018
zebra,78.33,78.33,79.44000244140625,0.14000000000000057,-0.269999999999996,0.1599999999999966,0.18999999999999773,-0.03999999999999204,-0.20000000000000284,0.010000000000005116,0.060000000000002274,0.04000000000000625,-0.10999999999999943,-0.030000000000001137,0.4099999999999966,-0.04999999999999716,0.29000000000000625,0.060000000000002274,0.04999999999999716,0.21999999999999886,0.3200000000000074,0.18999999999999773,-0.12000000000000455
